	index1	index2	CHROMOSOME_x	POSITION_x	REFCALL_x	GENOTYPE_x	Feat_names_x	Scores_x	CHROMOSOME_y	POSITION_y	REFCALL_y	GENOTYPE_y	Feat_names_y	Scores_y
0	10818741	311294	4	19741617	C	T	10818741	166.11642048794823	1	4133368	A	G	311294	75.60198751865418
1	10818741	29200802	4	19741617	C	T	10818741	166.11642048794823	11	27572202	C	T	29200802	56.208848443223445
2	10818741	4581583	4	19741617	C	T	10818741	166.11642048794823	2	16254188	C	T	4581583	49.30699040444802
3	10818741	4400618	4	19741617	C	T	10818741	166.11642048794823	2	14140321	A	T	4400618	41.87723334100146
4	10818741	21729731	4	19741617	C	T	10818741	166.11642048794823	8	21796207	C	T	21729731	41.25106292517008
5	10818741	4604168	4	19741617	C	T	10818741	166.11642048794823	2	16559266	G	T	4604168	37.84026472431077
6	10818741	28279637	4	19741617	C	T	10818741	166.11642048794823	11	19196994	C	T	28279637	34.928898083623686
7	10818741	4315859	4	19741617	C	T	10818741	166.11642048794823	2	13489494	C	T	4315859	27.41204345815996
8	10818741	4484603	4	19741617	C	T	10818741	166.11642048794823	2	15021863	C	G	4484603	27.41204345815996
9	10818741	13597240	4	19741617	C	T	10818741	166.11642048794823	5	19026674	A	G	13597240	26.853111615016378
10	10818741	4001238	4	19741617	C	T	10818741	166.11642048794823	2	9894953	G	T	4001238	26.853111615016378
11	10818741	4109133	4	19741617	C	T	10818741	166.11642048794823	2	10995452	A	G	4109133	26.3150991445384
12	10818741	14280168	4	19741617	C	T	10818741	166.11642048794823	5	29665469	C	T	14280168	25.05423575680272
13	10818741	4275641	4	19741617	C	T	10818741	166.11642048794823	2	13021007	A	G	4275641	24.350414078674945
14	10818741	3962591	4	19741617	C	T	10818741	166.11642048794823	2	9456179	C	T	3962591	23.467264683651237
15	10818741	4795404	4	19741617	C	T	10818741	166.11642048794823	2	18772184	C	G	4795404	23.467264683651237
16	10818741	4480228	4	19741617	C	T	10818741	166.11642048794823	2	14963940	C	G	4480228	22.248677248677247
17	10818741	4402763	4	19741617	C	T	10818741	166.11642048794823	2	14161828	C	T	4402763	21.499364259054182
18	10818741	4684972	4	19741617	C	T	10818741	166.11642048794823	2	17518981	C	T	4684972	19.060848857289827
19	10818741	2264828	4	19741617	C	T	10818741	166.11642048794823	1	27321565	T	T	2264828	17.82771380157001
20	10818741	4672942	4	19741617	C	T	10818741	166.11642048794823	2	17335711	A	C	4672942	17.699617346938776
21	10818741	29206900	4	19741617	C	T	10818741	166.11642048794823	11	27645698	C	T	29206900	16.847612474941666
22	10818741	5286022	4	19741617	C	T	10818741	166.11642048794823	2	24580435	C	T	5286022	16.066800910178884
23	10818741	18234168	4	19741617	C	T	10818741	166.11642048794823	7	13441138	C	T	18234168	15.447684805084227
24	10818741	29046601	4	19741617	C	T	10818741	166.11642048794823	11	26323476	A	T	29046601	13.823249076829804
25	10818741	28592700	4	19741617	C	T	10818741	166.11642048794823	11	22141411	A	G	28592700	12.343030909953075
26	10818741	4825981	4	19741617	C	T	10818741	166.11642048794823	2	19183447	C	T	4825981	12.343030909953075
27	10818741	4846256	4	19741617	C	T	10818741	166.11642048794823	2	19436528	C	T	4846256	12.144856650670606
28	10818741	2293867	4	19741617	C	T	10818741	166.11642048794823	1	27656026	A	T	2293867	11.952164033299354
29	10818741	4847130	4	19741617	C	T	10818741	166.11642048794823	2	19449356	G	T	4847130	11.76472982355335
30	10818741	4840162	4	19741617	C	T	10818741	166.11642048794823	2	19380805	C	T	4840162	11.703383442966777
31	10818741	4840151	4	19741617	C	T	10818741	166.11642048794823	2	19380745	C	T	4840151	11.64259021994448
32	10818741	4840308	4	19741617	C	T	10818741	166.11642048794823	2	19382030	G	T	4840308	11.64259021994448
33	10818741	4839992	4	19741617	C	T	10818741	166.11642048794823	2	19378926	C	T	4839992	11.289041380744436
34	10818741	4838535	4	19741617	C	T	10818741	166.11642048794823	2	19353065	A	G	4838535	11.17529604434366
35	14363698	645784	6	516127	A	G	14363698	135.5520833333333	1	9391998	C	T	645784	95.62250384024576
36	14363698	311294	6	516127	A	G	14363698	135.5520833333333	1	4133368	A	G	311294	75.60198751865418
37	14363698	17574933	6	516127	A	G	14363698	135.5520833333333	7	7765478	C	G	17574933	71.81778293973417
38	14363698	19490931	6	516127	A	G	14363698	135.5520833333333	7	28950437	G	T	19490931	47.62607338017174
39	14363698	4604168	6	516127	A	G	14363698	135.5520833333333	2	16559266	G	T	4604168	37.84026472431077
40	14363698	28279637	6	516127	A	G	14363698	135.5520833333333	11	19196994	C	T	28279637	34.928898083623686
41	14363698	24080518	6	516127	A	G	14363698	135.5520833333333	9	20181232	C	T	24080518	32.41480654761905
42	14363698	13597240	6	516127	A	G	14363698	135.5520833333333	5	19026674	A	G	13597240	26.853111615016378
43	14363698	4001238	6	516127	A	G	14363698	135.5520833333333	2	9894953	G	T	4001238	26.853111615016378
44	14363698	3962591	6	516127	A	G	14363698	135.5520833333333	2	9456179	C	T	3962591	23.467264683651237
45	14363698	4846256	6	516127	A	G	14363698	135.5520833333333	2	19436528	C	T	4846256	12.144856650670606
46	14363698	2293867	6	516127	A	G	14363698	135.5520833333333	1	27656026	A	T	2293867	11.952164033299354
47	14363698	4847130	6	516127	A	G	14363698	135.5520833333333	2	19449356	G	T	4847130	11.76472982355335
48	14363698	4840162	6	516127	A	G	14363698	135.5520833333333	2	19380805	C	T	4840162	11.703383442966777
49	14363698	4840151	6	516127	A	G	14363698	135.5520833333333	2	19380745	C	T	4840151	11.64259021994448
50	14363698	4840308	6	516127	A	G	14363698	135.5520833333333	2	19382030	G	T	4840308	11.64259021994448
51	14363698	4839992	6	516127	A	G	14363698	135.5520833333333	2	19378926	C	T	4839992	11.289041380744436
52	14363698	4838535	6	516127	A	G	14363698	135.5520833333333	2	19353065	A	G	4838535	11.17529604434366
53	707209	11137905	1	10317102	C	T	707209	135.5520833333333	4	23790464	A	T	11137905	124.09062224426808
54	707209	6101263	1	10317102	C	T	707209	135.5520833333333	3	1072834	A	G	6101263	102.3537675606641
55	707209	11734605	1	10317102	C	T	707209	135.5520833333333	4	33001608	C	T	11734605	89.70723104056437
56	707209	26809923	1	10317102	C	T	707209	135.5520833333333	11	5367349	C	T	26809923	68.38565891472868
57	707209	16492040	1	10317102	C	T	707209	135.5520833333333	6	23854416	C	G	16492040	55.11121094139961
58	707209	14143980	1	10317102	C	T	707209	135.5520833333333	5	27221507	C	T	14143980	50.19093801313628
59	707209	4581583	1	10317102	C	T	707209	135.5520833333333	2	16254188	C	T	4581583	49.30699040444802
60	707209	16995979	1	10317102	C	T	707209	135.5520833333333	7	156650	T	T	16995979	43.18567874911158
61	707209	4400618	1	10317102	C	T	707209	135.5520833333333	2	14140321	A	T	4400618	41.87723334100146
62	707209	23230405	1	10317102	C	T	707209	135.5520833333333	9	9788461	C	G	23230405	41.25106292517008
63	707209	8306627	1	10317102	C	T	707209	135.5520833333333	3	30523640	T	T	8306627	40.64254042775169
64	707209	19708452	1	10317102	C	T	707209	135.5520833333333	8	2259562	C	T	19708452	39.47553816046967
65	707209	5737592	1	10317102	C	T	707209	135.5520833333333	2	30815946	T	T	5737592	38.37081128747795
66	707209	24666545	1	10317102	C	T	707209	135.5520833333333	10	3501622	C	T	24666545	37.84026472431077
67	707209	4604168	1	10317102	C	T	707209	135.5520833333333	2	16559266	G	T	4604168	37.84026472431077
68	707209	9546582	1	10317102	C	T	707209	135.5520833333333	4	6486855	C	G	9546582	37.32350718065003
69	707209	28279637	1	10317102	C	T	707209	135.5520833333333	11	19196994	C	T	28279637	34.928898083623686
70	707209	24080518	1	10317102	C	T	707209	135.5520833333333	9	20181232	C	T	24080518	32.41480654761905
71	707209	4315859	1	10317102	C	T	707209	135.5520833333333	2	13489494	C	T	4315859	27.41204345815996
72	707209	4484603	1	10317102	C	T	707209	135.5520833333333	2	15021863	C	G	4484603	27.41204345815996
73	707209	26215551	1	10317102	C	T	707209	135.5520833333333	10	19688076	T	T	26215551	27.129887184574685
74	707209	4279014	1	10317102	C	T	707209	135.5520833333333	2	13060534	C	T	4279014	27.129887184574685
75	707209	4001238	1	10317102	C	T	707209	135.5520833333333	2	9894953	G	T	4001238	26.853111615016378
76	707209	4109133	1	10317102	C	T	707209	135.5520833333333	2	10995452	A	G	4109133	26.3150991445384
77	707209	14201125	1	10317102	C	T	707209	135.5520833333333	5	28237254	T	T	14201125	25.05423575680272
78	707209	6954279	1	10317102	C	T	707209	135.5520833333333	3	14519831	T	T	6954279	25.05423575680272
79	707209	19989060	1	10317102	C	T	707209	135.5520833333333	8	5740575	C	T	19989060	24.580899586930283
80	707209	4275641	1	10317102	C	T	707209	135.5520833333333	2	13021007	A	G	4275641	24.350414078674945
81	707209	10497083	1	10317102	C	T	707209	135.5520833333333	4	16292746	C	T	10497083	24.1239081600073
82	707209	4795404	1	10317102	C	T	707209	135.5520833333333	2	18772184	C	G	4795404	23.467264683651237
83	707209	4480228	1	10317102	C	T	707209	135.5520833333333	2	14963940	C	G	4480228	22.248677248677247
84	707209	30066836	1	10317102	C	T	707209	135.5520833333333	12	8036773	A	T	30066836	21.868110236220467
85	707209	4402763	1	10317102	C	T	707209	135.5520833333333	2	14161828	C	T	4402763	21.499364259054182
86	707209	4684972	1	10317102	C	T	707209	135.5520833333333	2	17518981	C	T	4684972	19.060848857289827
87	707209	4672942	1	10317102	C	T	707209	135.5520833333333	2	17335711	A	C	4672942	17.699617346938776
88	707209	18234168	1	10317102	C	T	707209	135.5520833333333	7	13441138	C	T	18234168	15.447684805084227
89	707209	4083679	1	10317102	C	T	707209	135.5520833333333	2	10744597	C	T	4083679	12.616200206043956
90	11137905	12037651	4	23790464	A	T	11137905	124.09062224426808	5	2290512	C	G	12037651	106.08003826530611
91	11137905	12090315	4	23790464	A	T	11137905	124.09062224426808	5	3127567	G	T	12090315	89.70723104056437
92	11137905	12420452	4	23790464	A	T	11137905	124.09062224426808	5	7011768	A	G	12420452	82.066808127572
93	11137905	13310367	4	23790464	A	T	11137905	124.09062224426808	5	15561651	G	T	13310367	82.066808127572
94	11137905	14461299	4	23790464	A	T	11137905	124.09062224426808	6	1693474	A	G	14461299	82.066808127572
95	11137905	13352471	4	23790464	A	T	11137905	124.09062224426808	5	16000508	C	T	13352471	75.60198751865418
96	11137905	799953	4	23790464	A	T	11137905	124.09062224426808	1	11422519	A	C	799953	62.39786671169649
97	11137905	31846307	4	23790464	A	T	11137905	124.09062224426808	12	24339998	C	G	31846307	59.77065111758988
98	11137905	19214025	4	23790464	A	T	11137905	124.09062224426808	7	24952100	A	T	19214025	58.53587962962963
99	11137905	31773089	4	23790464	A	T	11137905	124.09062224426808	12	23396838	C	G	31773089	56.208848443223445
100	11137905	4581583	4	23790464	A	T	11137905	124.09062224426808	2	16254188	C	T	4581583	49.30699040444802
101	11137905	19712684	4	23790464	A	T	11137905	124.09062224426808	8	2322797	T	T	19712684	43.869653880070544
102	11137905	4400618	4	23790464	A	T	11137905	124.09062224426808	2	14140321	A	T	4400618	41.87723334100146
103	11137905	19214389	4	23790464	A	T	11137905	124.09062224426808	7	24958868	A	G	19214389	41.25106292517008
104	11137905	21729731	4	23790464	A	T	11137905	124.09062224426808	8	21796207	C	T	21729731	41.25106292517008
105	11137905	23230405	4	23790464	A	T	11137905	124.09062224426808	9	9788461	C	G	23230405	41.25106292517008
106	11137905	4271416	4	23790464	A	T	11137905	124.09062224426808	2	12967572	C	G	4271416	39.47553816046967
107	11137905	5737592	4	23790464	A	T	11137905	124.09062224426808	2	30815946	T	T	5737592	38.37081128747795
108	11137905	4604168	4	23790464	A	T	11137905	124.09062224426808	2	16559266	G	T	4604168	37.84026472431077
109	11137905	28279637	4	23790464	A	T	11137905	124.09062224426808	11	19196994	C	T	28279637	34.928898083623686
110	11137905	24080518	4	23790464	A	T	11137905	124.09062224426808	9	20181232	C	T	24080518	32.41480654761905
111	11137905	4315859	4	23790464	A	T	11137905	124.09062224426808	2	13489494	C	T	4315859	27.41204345815996
112	11137905	4484603	4	23790464	A	T	11137905	124.09062224426808	2	15021863	C	G	4484603	27.41204345815996
113	11137905	4279014	4	23790464	A	T	11137905	124.09062224426808	2	13060534	C	T	4279014	27.129887184574685
114	11137905	4001238	4	23790464	A	T	11137905	124.09062224426808	2	9894953	G	T	4001238	26.853111615016378
115	11137905	4109133	4	23790464	A	T	11137905	124.09062224426808	2	10995452	A	G	4109133	26.3150991445384
116	11137905	14280168	4	23790464	A	T	11137905	124.09062224426808	5	29665469	C	T	14280168	25.05423575680272
117	11137905	4275641	4	23790464	A	T	11137905	124.09062224426808	2	13021007	A	G	4275641	24.350414078674945
118	11137905	3962591	4	23790464	A	T	11137905	124.09062224426808	2	9456179	C	T	3962591	23.467264683651237
119	11137905	4795404	4	23790464	A	T	11137905	124.09062224426808	2	18772184	C	G	4795404	23.467264683651237
120	11137905	4278507	4	23790464	A	T	11137905	124.09062224426808	2	13053373	C	T	4278507	22.64164193229233
121	11137905	4480228	4	23790464	A	T	11137905	124.09062224426808	2	14963940	C	G	4480228	22.248677248677247
122	11137905	473267	4	23790464	A	T	11137905	124.09062224426808	1	6770885	G	T	473267	21.68229425016534
123	11137905	4402763	4	23790464	A	T	11137905	124.09062224426808	2	14161828	C	T	4402763	21.499364259054182
124	11137905	4684972	4	23790464	A	T	11137905	124.09062224426808	2	17518981	C	T	4684972	19.060848857289827
125	11137905	4672942	4	23790464	A	T	11137905	124.09062224426808	2	17335711	A	C	4672942	17.699617346938776
126	11137905	4083679	4	23790464	A	T	11137905	124.09062224426808	2	10744597	C	T	4083679	12.616200206043956
127	11137905	4072644	4	23790464	A	T	11137905	124.09062224426808	2	10643565	A	C	4072644	12.546922862712336
128	11137905	4833319	4	23790464	A	T	11137905	124.09062224426808	2	19275740	C	T	4833319	12.41034755134281
129	11137905	28592700	4	23790464	A	T	11137905	124.09062224426808	11	22141411	A	G	28592700	12.343030909953075
130	11137905	4846256	4	23790464	A	T	11137905	124.09062224426808	2	19436528	C	T	4846256	12.144856650670606
131	11137905	4847130	4	23790464	A	T	11137905	124.09062224426808	2	19449356	G	T	4847130	11.76472982355335
132	11137905	4840162	4	23790464	A	T	11137905	124.09062224426808	2	19380805	C	T	4840162	11.703383442966777
133	11137905	4840151	4	23790464	A	T	11137905	124.09062224426808	2	19380745	C	T	4840151	11.64259021994448
134	11137905	4840308	4	23790464	A	T	11137905	124.09062224426808	2	19382030	G	T	4840308	11.64259021994448
135	11137905	4838535	4	23790464	A	T	11137905	124.09062224426808	2	19353065	A	G	4838535	11.17529604434366
136	16342160	17574933	6	22316793	C	G	16342160	114.3925646113146	7	7765478	C	G	17574933	71.81778293973417
137	16342160	29200802	6	22316793	C	G	16342160	114.3925646113146	11	27572202	C	T	29200802	56.208848443223445
138	16342160	17582180	6	22316793	C	G	16342160	114.3925646113146	7	7844094	C	T	17582180	41.25106292517008
139	16342160	21729731	6	22316793	C	G	16342160	114.3925646113146	8	21796207	C	T	21729731	41.25106292517008
140	16342160	8241135	6	22316793	C	G	16342160	114.3925646113146	3	29441592	A	G	8241135	38.37081128747795
141	16342160	14280168	6	22316793	C	G	16342160	114.3925646113146	5	29665469	C	T	14280168	25.05423575680272
142	16342160	29206900	6	22316793	C	G	16342160	114.3925646113146	11	27645698	C	T	29206900	16.847612474941666
143	16342160	5283659	6	22316793	C	G	16342160	114.3925646113146	2	24562190	G	G	5283659	12.343030909953075
144	12037651	645784	5	2290512	C	G	12037651	106.08003826530611	1	9391998	C	T	645784	95.62250384024576
145	12037651	631324	5	2290512	C	G	12037651	106.08003826530611	1	9183821	C	T	631324	87.01059173669468
146	12037651	17574933	5	2290512	C	G	12037651	106.08003826530611	7	7765478	C	G	17574933	71.81778293973417
147	12037651	19490931	5	2290512	C	G	12037651	106.08003826530611	7	28950437	G	T	19490931	47.62607338017174
148	12037651	17582180	5	2290512	C	G	12037651	106.08003826530611	7	7844094	C	T	17582180	41.25106292517008
149	12037651	11372775	5	2290512	C	G	12037651	106.08003826530611	4	27871179	C	G	11372775	30.921069847020927
150	12037651	11409404	5	2290512	C	G	12037651	106.08003826530611	4	28429455	C	T	11409404	29.227295041728038
151	12037651	3127458	5	2290512	C	G	12037651	106.08003826530611	1	40583834	C	T	3127458	16.393298059964724
152	6101263	17574933	3	1072834	A	G	6101263	102.3537675606641	7	7765478	C	G	17574933	71.81778293973417
153	6101263	29200802	3	1072834	A	G	6101263	102.3537675606641	11	27572202	C	T	29200802	56.208848443223445
154	6101263	11003847	3	1072834	A	G	6101263	102.3537675606641	4	21900574	C	T	11003847	49.30699040444802
155	6101263	3510612	3	1072834	A	G	6101263	102.3537675606641	2	3271562	C	T	3510612	43.18567874911158
156	6101263	19708452	3	1072834	A	G	6101263	102.3537675606641	8	2259562	C	T	19708452	39.47553816046967
157	6101263	18956685	3	1072834	A	G	6101263	102.3537675606641	7	21320800	T	T	18956685	38.91570588445588
158	6101263	26541053	3	1072834	A	G	6101263	102.3537675606641	11	1553694	C	T	26541053	30.221916160081047
159	6101263	14280168	3	1072834	A	G	6101263	102.3537675606641	5	29665469	C	T	14280168	25.05423575680272
160	6101263	29206900	3	1072834	A	G	6101263	102.3537675606641	11	27645698	C	T	29206900	16.847612474941666
161	645784	11734605	1	9391998	C	T	645784	95.62250384024576	4	33001608	C	T	11734605	89.70723104056437
162	645784	11561427	1	9391998	C	T	645784	95.62250384024576	4	30848215	C	T	11561427	87.01059173669468
163	645784	12420452	1	9391998	C	T	645784	95.62250384024576	5	7011768	A	G	12420452	82.066808127572
164	645784	31968256	1	9391998	C	T	645784	95.62250384024576	12	26205306	C	T	31968256	75.60198751865418
165	645784	17574933	1	9391998	C	T	645784	95.62250384024576	7	7765478	C	G	17574933	71.81778293973417
166	645784	24047658	1	9391998	C	T	645784	95.62250384024576	9	19637006	C	T	24047658	61.05688519620811
167	645784	10447188	1	9391998	C	T	645784	95.62250384024576	4	15893462	T	T	10447188	44.57468457468457
168	645784	19712684	1	9391998	C	T	645784	95.62250384024576	8	2322797	T	T	19712684	43.869653880070544
169	645784	19214389	1	9391998	C	T	645784	95.62250384024576	7	24958868	A	G	19214389	41.25106292517008
170	645784	10451455	1	9391998	C	T	645784	95.62250384024576	4	15926928	T	T	10451455	39.47553816046967
171	645784	28279637	1	9391998	C	T	645784	95.62250384024576	11	19196994	C	T	28279637	34.928898083623686
172	645784	4894844	1	9391998	C	T	645784	95.62250384024576	2	20053816	A	C	4894844	26.3150991445384
173	645784	14280168	1	9391998	C	T	645784	95.62250384024576	5	29665469	C	T	14280168	25.05423575680272
174	645784	6954279	1	9391998	C	T	645784	95.62250384024576	3	14519831	T	T	6954279	25.05423575680272
175	645784	17422654	1	9391998	C	T	645784	95.62250384024576	7	6232067	C	T	17422654	22.64164193229233
176	645784	21100008	1	9391998	C	T	645784	95.62250384024576	8	15762928	G	G	21100008	16.731924439871968
177	645784	31982085	1	9391998	C	T	645784	95.62250384024576	12	26399254	T	T	31982085	16.731924439871968
178	11734605	17574933	4	33001608	C	T	11734605	89.70723104056437	7	7765478	C	G	17574933	71.81778293973417
179	11734605	19708452	4	33001608	C	T	11734605	89.70723104056437	8	2259562	C	T	19708452	39.47553816046967
180	11734605	26541053	4	33001608	C	T	11734605	89.70723104056437	11	1553694	C	T	26541053	30.221916160081047
181	11734605	19696530	4	33001608	C	T	11734605	89.70723104056437	8	2107949	A	T	19696530	28.597736625514404
182	11734605	14280168	4	33001608	C	T	11734605	89.70723104056437	5	29665469	C	T	14280168	25.05423575680272
183	12090315	17574933	5	3127567	G	T	12090315	89.70723104056437	7	7765478	C	G	17574933	71.81778293973417
184	12090315	17582180	5	3127567	G	T	12090315	89.70723104056437	7	7844094	C	T	17582180	41.25106292517008
185	12090315	21729731	5	3127567	G	T	12090315	89.70723104056437	8	21796207	C	T	21729731	41.25106292517008
186	12090315	11372775	5	3127567	G	T	12090315	89.70723104056437	4	27871179	C	G	11372775	30.921069847020927
187	341952	4581583	1	4690245	A	C	341952	89.70723104056437	2	16254188	C	T	4581583	49.30699040444802
188	341952	4400618	1	4690245	A	C	341952	89.70723104056437	2	14140321	A	T	4400618	41.87723334100146
189	341952	8241135	1	4690245	A	C	341952	89.70723104056437	3	29441592	A	G	8241135	38.37081128747795
190	341952	4604168	1	4690245	A	C	341952	89.70723104056437	2	16559266	G	T	4604168	37.84026472431077
191	341952	11372775	1	4690245	A	C	341952	89.70723104056437	4	27871179	C	G	11372775	30.921069847020927
192	341952	11409404	1	4690245	A	C	341952	89.70723104056437	4	28429455	C	T	11409404	29.227295041728038
193	341952	4315859	1	4690245	A	C	341952	89.70723104056437	2	13489494	C	T	4315859	27.41204345815996
194	341952	4484603	1	4690245	A	C	341952	89.70723104056437	2	15021863	C	G	4484603	27.41204345815996
195	341952	4279014	1	4690245	A	C	341952	89.70723104056437	2	13060534	C	T	4279014	27.129887184574685
196	341952	4275641	1	4690245	A	C	341952	89.70723104056437	2	13021007	A	G	4275641	24.350414078674945
197	341952	4795404	1	4690245	A	C	341952	89.70723104056437	2	18772184	C	G	4795404	23.467264683651237
198	341952	4278507	1	4690245	A	C	341952	89.70723104056437	2	13053373	C	T	4278507	22.64164193229233
199	341952	4480228	1	4690245	A	C	341952	89.70723104056437	2	14963940	C	G	4480228	22.248677248677247
200	341952	4402763	1	4690245	A	C	341952	89.70723104056437	2	14161828	C	T	4402763	21.499364259054182
201	341952	4684972	1	4690245	A	C	341952	89.70723104056437	2	17518981	C	T	4684972	19.060848857289827
202	341952	4672942	1	4690245	A	C	341952	89.70723104056437	2	17335711	A	C	4672942	17.699617346938776
203	341952	5286022	1	4690245	A	C	341952	89.70723104056437	2	24580435	C	T	5286022	16.066800910178884
204	341952	4833319	1	4690245	A	C	341952	89.70723104056437	2	19275740	C	T	4833319	12.41034755134281
205	341952	4825981	1	4690245	A	C	341952	89.70723104056437	2	19183447	C	T	4825981	12.343030909953075
206	341952	4846256	1	4690245	A	C	341952	89.70723104056437	2	19436528	C	T	4846256	12.144856650670606
207	341952	4847130	1	4690245	A	C	341952	89.70723104056437	2	19449356	G	T	4847130	11.76472982355335
208	341952	4840162	1	4690245	A	C	341952	89.70723104056437	2	19380805	C	T	4840162	11.703383442966777
209	341952	4840151	1	4690245	A	C	341952	89.70723104056437	2	19380745	C	T	4840151	11.64259021994448
210	341952	4840308	1	4690245	A	C	341952	89.70723104056437	2	19382030	G	T	4840308	11.64259021994448
211	341952	4838535	1	4690245	A	C	341952	89.70723104056437	2	19353065	A	G	4838535	11.17529604434366
212	11561427	4581583	4	30848215	C	T	11561427	87.01059173669468	2	16254188	C	T	4581583	49.30699040444802
213	11561427	4400618	4	30848215	C	T	11561427	87.01059173669468	2	14140321	A	T	4400618	41.87723334100146
214	11561427	19708452	4	30848215	C	T	11561427	87.01059173669468	8	2259562	C	T	19708452	39.47553816046967
215	11561427	4604168	4	30848215	C	T	11561427	87.01059173669468	2	16559266	G	T	4604168	37.84026472431077
216	11561427	4001238	4	30848215	C	T	11561427	87.01059173669468	2	9894953	G	T	4001238	26.853111615016378
217	11561427	4109133	4	30848215	C	T	11561427	87.01059173669468	2	10995452	A	G	4109133	26.3150991445384
218	11561427	24205641	4	30848215	C	T	11561427	87.01059173669468	9	22166657	G	G	24205641	20.458798745835782
219	631324	8241135	1	9183821	C	T	631324	87.01059173669468	3	29441592	A	G	8241135	38.37081128747795
220	631324	28279637	1	9183821	C	T	631324	87.01059173669468	11	19196994	C	T	28279637	34.928898083623686
221	631324	21332124	1	9183821	C	T	631324	87.01059173669468	8	17704103	C	T	21332124	32.02877355686344
222	631324	11409404	1	9183821	C	T	631324	87.01059173669468	4	28429455	C	T	11409404	29.227295041728038
223	631324	16874050	1	9183821	C	T	631324	87.01059173669468	6	29221663	A	G	16874050	28.597736625514404
224	631324	3534230	1	9183821	C	T	631324	87.01059173669468	2	3667550	T	T	3534230	26.853111615016378
225	631324	4894844	1	9183821	C	T	631324	87.01059173669468	2	20053816	A	C	4894844	26.3150991445384
226	631324	5286022	1	9183821	C	T	631324	87.01059173669468	2	24580435	C	T	5286022	16.066800910178884
227	3825213	17574933	2	7764238	A	T	3825213	84.46806500377929	7	7765478	C	G	17574933	71.81778293973417
228	3825213	29200802	2	7764238	A	T	3825213	84.46806500377929	11	27572202	C	T	29200802	56.208848443223445
229	3825213	10447188	2	7764238	A	T	3825213	84.46806500377929	4	15893462	T	T	10447188	44.57468457468457
230	3825213	9155367	2	7764238	A	T	3825213	84.46806500377929	4	3568110	C	G	9155367	40.050930518812464
231	3825213	10451455	2	7764238	A	T	3825213	84.46806500377929	4	15926928	T	T	10451455	39.47553816046967
232	3825213	29206900	2	7764238	A	T	3825213	84.46806500377929	11	27645698	C	T	29206900	16.847612474941666
233	12420452	26809923	5	7011768	A	G	12420452	82.066808127572	11	5367349	C	T	26809923	68.38565891472868
234	12420452	29200802	5	7011768	A	G	12420452	82.066808127572	11	27572202	C	T	29200802	56.208848443223445
235	12420452	11003847	5	7011768	A	G	12420452	82.066808127572	4	21900574	C	T	11003847	49.30699040444802
236	12420452	4581583	5	7011768	A	G	12420452	82.066808127572	2	16254188	C	T	4581583	49.30699040444802
237	12420452	3510612	5	7011768	A	G	12420452	82.066808127572	2	3271562	C	T	3510612	43.18567874911158
238	12420452	4400618	5	7011768	A	G	12420452	82.066808127572	2	14140321	A	T	4400618	41.87723334100146
239	12420452	5305356	5	7011768	A	G	12420452	82.066808127572	2	24712105	A	T	5305356	39.47553816046967
240	12420452	5869864	5	7011768	A	G	12420452	82.066808127572	2	33142844	G	G	5869864	38.37081128747795
241	12420452	4604168	5	7011768	A	G	12420452	82.066808127572	2	16559266	G	T	4604168	37.84026472431077
242	12420452	28279637	5	7011768	A	G	12420452	82.066808127572	11	19196994	C	T	28279637	34.928898083623686
243	12420452	26440543	5	7011768	A	G	12420452	82.066808127572	11	130453	C	T	26440543	32.41480654761905
244	12420452	4315859	5	7011768	A	G	12420452	82.066808127572	2	13489494	C	T	4315859	27.41204345815996
245	12420452	4484603	5	7011768	A	G	12420452	82.066808127572	2	15021863	C	G	4484603	27.41204345815996
246	12420452	4279014	5	7011768	A	G	12420452	82.066808127572	2	13060534	C	T	4279014	27.129887184574685
247	12420452	4001238	5	7011768	A	G	12420452	82.066808127572	2	9894953	G	T	4001238	26.853111615016378
248	12420452	4109133	5	7011768	A	G	12420452	82.066808127572	2	10995452	A	G	4109133	26.3150991445384
249	12420452	4795404	5	7011768	A	G	12420452	82.066808127572	2	18772184	C	G	4795404	23.467264683651237
250	12420452	4480228	5	7011768	A	G	12420452	82.066808127572	2	14963940	C	G	4480228	22.248677248677247
251	12420452	1396865	5	7011768	A	G	12420452	82.066808127572	1	17113248	G	T	1396865	21.68229425016534
252	12420452	4684972	5	7011768	A	G	12420452	82.066808127572	2	17518981	C	T	4684972	19.060848857289827
253	12420452	4672942	5	7011768	A	G	12420452	82.066808127572	2	17335711	A	C	4672942	17.699617346938776
254	12420452	29206900	5	7011768	A	G	12420452	82.066808127572	11	27645698	C	T	29206900	16.847612474941666
255	12420452	5283659	5	7011768	A	G	12420452	82.066808127572	2	24562190	G	G	5283659	12.343030909953075
256	13310367	17574933	5	15561651	G	T	13310367	82.066808127572	7	7765478	C	G	17574933	71.81778293973417
257	13310367	24047658	5	15561651	G	T	13310367	82.066808127572	9	19637006	C	T	24047658	61.05688519620811
258	13310367	29200802	5	15561651	G	T	13310367	82.066808127572	11	27572202	C	T	29200802	56.208848443223445
259	13310367	21729731	5	15561651	G	T	13310367	82.066808127572	8	21796207	C	T	21729731	41.25106292517008
260	13310367	9155367	5	15561651	G	T	13310367	82.066808127572	4	3568110	C	G	9155367	40.050930518812464
261	13310367	4001238	5	15561651	G	T	13310367	82.066808127572	2	9894953	G	T	4001238	26.853111615016378
262	13310367	3962591	5	15561651	G	T	13310367	82.066808127572	2	9456179	C	T	3962591	23.467264683651237
263	13310367	6054864	5	15561651	G	T	13310367	82.066808127572	3	213474	C	T	6054864	23.047619047619047
264	13310367	9267521	5	15561651	G	T	13310367	82.066808127572	4	4271170	C	T	9267521	18.773648709864464
265	13310367	1091226	5	15561651	G	T	13310367	82.066808127572	1	14399389	C	T	1091226	17.325144070367
266	13310367	20500722	5	15561651	G	T	13310367	82.066808127572	8	10092934	C	T	20500722	17.083366610096164
267	13310367	29206900	5	15561651	G	T	13310367	82.066808127572	11	27645698	C	T	29206900	16.847612474941666
268	13310367	4825981	5	15561651	G	T	13310367	82.066808127572	2	19183447	C	T	4825981	12.343030909953075
269	13310367	4846256	5	15561651	G	T	13310367	82.066808127572	2	19436528	C	T	4846256	12.144856650670606
270	13310367	4847130	5	15561651	G	T	13310367	82.066808127572	2	19449356	G	T	4847130	11.76472982355335
271	13310367	4840162	5	15561651	G	T	13310367	82.066808127572	2	19380805	C	T	4840162	11.703383442966777
272	13310367	21169699	5	15561651	G	T	13310367	82.066808127572	8	16443812	C	T	21169699	11.64259021994448
273	13310367	4840151	5	15561651	G	T	13310367	82.066808127572	2	19380745	C	T	4840151	11.64259021994448
274	13310367	4840308	5	15561651	G	T	13310367	82.066808127572	2	19382030	G	T	4840308	11.64259021994448
275	13310367	21177479	5	15561651	G	T	13310367	82.066808127572	8	16509053	A	T	21177479	11.231920002300434
276	13310367	4838535	5	15561651	G	T	13310367	82.066808127572	2	19353065	A	G	4838535	11.17529604434366
277	14461299	311294	6	1693474	A	G	14461299	82.066808127572	1	4133368	A	G	311294	75.60198751865418
278	14461299	17574933	6	1693474	A	G	14461299	82.066808127572	7	7765478	C	G	17574933	71.81778293973417
279	14461299	19258436	6	1693474	A	G	14461299	82.066808127572	7	25662239	T	T	19258436	41.25106292517008
280	14461299	13597240	6	1693474	A	G	14461299	82.066808127572	5	19026674	A	G	13597240	26.853111615016378
281	22140041	17574933	8	27494318	C	T	22140041	82.066808127572	7	7765478	C	G	17574933	71.81778293973417
282	22140041	14280168	8	27494318	C	T	22140041	82.066808127572	5	29665469	C	T	14280168	25.05423575680272
283	22140041	5286022	8	27494318	C	T	22140041	82.066808127572	2	24580435	C	T	5286022	16.066800910178884
284	28091428	24047658	11	17380444	A	G	28091428	79.79536679536679	9	19637006	C	T	24047658	61.05688519620811
285	28091428	11372775	11	17380444	A	G	28091428	79.79536679536679	4	27871179	C	G	11372775	30.921069847020927
286	28091428	11409404	11	17380444	A	G	28091428	79.79536679536679	4	28429455	C	T	11409404	29.227295041728038
287	7026664	28279637	3	15350683	C	T	7026664	79.79536679536679	11	19196994	C	T	28279637	34.928898083623686
288	1577233	17574933	1	19013746	C	T	1577233	77.6434924115845	7	7765478	C	G	17574933	71.81778293973417
289	1577233	17582180	1	19013746	C	T	1577233	77.6434924115845	7	7844094	C	T	17582180	41.25106292517008
290	1577233	8241135	1	19013746	C	T	1577233	77.6434924115845	3	29441592	A	G	8241135	38.37081128747795
291	1577233	24080518	1	19013746	C	T	1577233	77.6434924115845	9	20181232	C	T	24080518	32.41480654761905
292	1577233	11372775	1	19013746	C	T	1577233	77.6434924115845	4	27871179	C	G	11372775	30.921069847020927
293	1577233	11409404	1	19013746	C	T	1577233	77.6434924115845	4	28429455	C	T	11409404	29.227295041728038
294	27773587	24047658	11	14713193	C	T	27773587	77.6434924115845	9	19637006	C	T	24047658	61.05688519620811
295	27773587	4581583	11	14713193	C	T	27773587	77.6434924115845	2	16254188	C	T	4581583	49.30699040444802
296	27773587	4400618	11	14713193	C	T	27773587	77.6434924115845	2	14140321	A	T	4400618	41.87723334100146
297	27773587	4604168	11	14713193	C	T	27773587	77.6434924115845	2	16559266	G	T	4604168	37.84026472431077
298	27773587	11372775	11	14713193	C	T	27773587	77.6434924115845	4	27871179	C	G	11372775	30.921069847020927
299	27773587	11409404	11	14713193	C	T	27773587	77.6434924115845	4	28429455	C	T	11409404	29.227295041728038
300	27773587	4315859	11	14713193	C	T	27773587	77.6434924115845	2	13489494	C	T	4315859	27.41204345815996
301	27773587	4484603	11	14713193	C	T	27773587	77.6434924115845	2	15021863	C	G	4484603	27.41204345815996
302	27773587	4279014	11	14713193	C	T	27773587	77.6434924115845	2	13060534	C	T	4279014	27.129887184574685
303	27773587	4109133	11	14713193	C	T	27773587	77.6434924115845	2	10995452	A	G	4109133	26.3150991445384
304	27773587	4275641	11	14713193	C	T	27773587	77.6434924115845	2	13021007	A	G	4275641	24.350414078674945
305	27773587	3962591	11	14713193	C	T	27773587	77.6434924115845	2	9456179	C	T	3962591	23.467264683651237
306	27773587	4795404	11	14713193	C	T	27773587	77.6434924115845	2	18772184	C	G	4795404	23.467264683651237
307	27773587	4278507	11	14713193	C	T	27773587	77.6434924115845	2	13053373	C	T	4278507	22.64164193229233
308	27773587	4480228	11	14713193	C	T	27773587	77.6434924115845	2	14963940	C	G	4480228	22.248677248677247
309	27773587	4402763	11	14713193	C	T	27773587	77.6434924115845	2	14161828	C	T	4402763	21.499364259054182
310	27773587	4684972	11	14713193	C	T	27773587	77.6434924115845	2	17518981	C	T	4684972	19.060848857289827
311	27773587	4672942	11	14713193	C	T	27773587	77.6434924115845	2	17335711	A	C	4672942	17.699617346938776
312	27773587	5286022	11	14713193	C	T	27773587	77.6434924115845	2	24580435	C	T	5286022	16.066800910178884
313	27773587	4083679	11	14713193	C	T	27773587	77.6434924115845	2	10744597	C	T	4083679	12.616200206043956
314	27773587	4072644	11	14713193	C	T	27773587	77.6434924115845	2	10643565	A	C	4072644	12.546922862712336
315	27773587	4846256	11	14713193	C	T	27773587	77.6434924115845	2	19436528	C	T	4846256	12.144856650670606
316	27773587	4840162	11	14713193	C	T	27773587	77.6434924115845	2	19380805	C	T	4840162	11.703383442966777
317	27773587	4840151	11	14713193	C	T	27773587	77.6434924115845	2	19380745	C	T	4840151	11.64259021994448
318	27773587	4840308	11	14713193	C	T	27773587	77.6434924115845	2	19382030	G	T	4840308	11.64259021994448
319	27773587	4839992	11	14713193	C	T	27773587	77.6434924115845	2	19378926	C	T	4839992	11.289041380744436
320	27773587	4838535	11	14713193	C	T	27773587	77.6434924115845	2	19353065	A	G	4838535	11.17529604434366
321	13352471	17574933	5	16000508	C	T	13352471	75.60198751865418	7	7765478	C	G	17574933	71.81778293973417
322	13352471	29200802	5	16000508	C	T	13352471	75.60198751865418	11	27572202	C	T	29200802	56.208848443223445
323	13352471	4581583	5	16000508	C	T	13352471	75.60198751865418	2	16254188	C	T	4581583	49.30699040444802
324	13352471	17582180	5	16000508	C	T	13352471	75.60198751865418	7	7844094	C	T	17582180	41.25106292517008
325	13352471	21729731	5	16000508	C	T	13352471	75.60198751865418	8	21796207	C	T	21729731	41.25106292517008
326	13352471	4271416	5	16000508	C	T	13352471	75.60198751865418	2	12967572	C	G	4271416	39.47553816046967
327	13352471	4604168	5	16000508	C	T	13352471	75.60198751865418	2	16559266	G	T	4604168	37.84026472431077
328	13352471	5037401	5	16000508	C	T	13352471	75.60198751865418	2	21943776	C	T	5037401	31.65132642563197
329	13352471	11372775	5	16000508	C	T	13352471	75.60198751865418	4	27871179	C	G	11372775	30.921069847020927
330	13352471	26541053	5	16000508	C	T	13352471	75.60198751865418	11	1553694	C	T	26541053	30.221916160081047
331	13352471	16874050	5	16000508	C	T	13352471	75.60198751865418	6	29221663	A	G	16874050	28.597736625514404
332	13352471	26688237	5	16000508	C	T	13352471	75.60198751865418	11	3799601	T	T	26688237	28.597736625514404
333	13352471	4315859	5	16000508	C	T	13352471	75.60198751865418	2	13489494	C	T	4315859	27.41204345815996
334	13352471	4279014	5	16000508	C	T	13352471	75.60198751865418	2	13060534	C	T	4279014	27.129887184574685
335	13352471	4001238	5	16000508	C	T	13352471	75.60198751865418	2	9894953	G	T	4001238	26.853111615016378
336	13352471	4275641	5	16000508	C	T	13352471	75.60198751865418	2	13021007	A	G	4275641	24.350414078674945
337	13352471	3962591	5	16000508	C	T	13352471	75.60198751865418	2	9456179	C	T	3962591	23.467264683651237
338	13352471	4795404	5	16000508	C	T	13352471	75.60198751865418	2	18772184	C	G	4795404	23.467264683651237
339	13352471	4278507	5	16000508	C	T	13352471	75.60198751865418	2	13053373	C	T	4278507	22.64164193229233
340	13352471	4480228	5	16000508	C	T	13352471	75.60198751865418	2	14963940	C	G	4480228	22.248677248677247
341	13352471	4402763	5	16000508	C	T	13352471	75.60198751865418	2	14161828	C	T	4402763	21.499364259054182
342	13352471	4684972	5	16000508	C	T	13352471	75.60198751865418	2	17518981	C	T	4684972	19.060848857289827
343	13352471	4672942	5	16000508	C	T	13352471	75.60198751865418	2	17335711	A	C	4672942	17.699617346938776
344	13352471	29206900	5	16000508	C	T	13352471	75.60198751865418	11	27645698	C	T	29206900	16.847612474941666
345	13352471	4083679	5	16000508	C	T	13352471	75.60198751865418	2	10744597	C	T	4083679	12.616200206043956
346	13352471	4072644	5	16000508	C	T	13352471	75.60198751865418	2	10643565	A	C	4072644	12.546922862712336
347	311294	4581583	1	4133368	A	G	311294	75.60198751865418	2	16254188	C	T	4581583	49.30699040444802
348	311294	4400618	1	4133368	A	G	311294	75.60198751865418	2	14140321	A	T	4400618	41.87723334100146
349	311294	4604168	1	4133368	A	G	311294	75.60198751865418	2	16559266	G	T	4604168	37.84026472431077
350	311294	11372775	1	4133368	A	G	311294	75.60198751865418	4	27871179	C	G	11372775	30.921069847020927
351	311294	11409404	1	4133368	A	G	311294	75.60198751865418	4	28429455	C	T	11409404	29.227295041728038
352	311294	4315859	1	4133368	A	G	311294	75.60198751865418	2	13489494	C	T	4315859	27.41204345815996
353	311294	4484603	1	4133368	A	G	311294	75.60198751865418	2	15021863	C	G	4484603	27.41204345815996
354	311294	4279014	1	4133368	A	G	311294	75.60198751865418	2	13060534	C	T	4279014	27.129887184574685
355	311294	4001238	1	4133368	A	G	311294	75.60198751865418	2	9894953	G	T	4001238	26.853111615016378
356	311294	4109133	1	4133368	A	G	311294	75.60198751865418	2	10995452	A	G	4109133	26.3150991445384
357	311294	4795404	1	4133368	A	G	311294	75.60198751865418	2	18772184	C	G	4795404	23.467264683651237
358	311294	4278507	1	4133368	A	G	311294	75.60198751865418	2	13053373	C	T	4278507	22.64164193229233
359	311294	4480228	1	4133368	A	G	311294	75.60198751865418	2	14963940	C	G	4480228	22.248677248677247
360	311294	4402763	1	4133368	A	G	311294	75.60198751865418	2	14161828	C	T	4402763	21.499364259054182
361	311294	4684972	1	4133368	A	G	311294	75.60198751865418	2	17518981	C	T	4684972	19.060848857289827
362	311294	4672942	1	4133368	A	G	311294	75.60198751865418	2	17335711	A	C	4672942	17.699617346938776
363	311294	4083679	1	4133368	A	G	311294	75.60198751865418	2	10744597	C	T	4083679	12.616200206043956
364	311294	4072644	1	4133368	A	G	311294	75.60198751865418	2	10643565	A	C	4072644	12.546922862712336
365	311294	4833319	1	4133368	A	G	311294	75.60198751865418	2	19275740	C	T	4833319	12.41034755134281
366	311294	4825981	1	4133368	A	G	311294	75.60198751865418	2	19183447	C	T	4825981	12.343030909953075
367	31968256	24047658	12	26205306	C	T	31968256	75.60198751865418	9	19637006	C	T	24047658	61.05688519620811
368	31968256	4581583	12	26205306	C	T	31968256	75.60198751865418	2	16254188	C	T	4581583	49.30699040444802
369	31968256	4400618	12	26205306	C	T	31968256	75.60198751865418	2	14140321	A	T	4400618	41.87723334100146
370	31968256	8241135	12	26205306	C	T	31968256	75.60198751865418	3	29441592	A	G	8241135	38.37081128747795
371	31968256	4604168	12	26205306	C	T	31968256	75.60198751865418	2	16559266	G	T	4604168	37.84026472431077
372	31968256	11372775	12	26205306	C	T	31968256	75.60198751865418	4	27871179	C	G	11372775	30.921069847020927
373	31968256	11409404	12	26205306	C	T	31968256	75.60198751865418	4	28429455	C	T	11409404	29.227295041728038
374	31968256	4315859	12	26205306	C	T	31968256	75.60198751865418	2	13489494	C	T	4315859	27.41204345815996
375	31968256	4484603	12	26205306	C	T	31968256	75.60198751865418	2	15021863	C	G	4484603	27.41204345815996
376	31968256	4279014	12	26205306	C	T	31968256	75.60198751865418	2	13060534	C	T	4279014	27.129887184574685
377	31968256	4001238	12	26205306	C	T	31968256	75.60198751865418	2	9894953	G	T	4001238	26.853111615016378
378	31968256	4109133	12	26205306	C	T	31968256	75.60198751865418	2	10995452	A	G	4109133	26.3150991445384
379	31968256	4275641	12	26205306	C	T	31968256	75.60198751865418	2	13021007	A	G	4275641	24.350414078674945
380	31968256	3962591	12	26205306	C	T	31968256	75.60198751865418	2	9456179	C	T	3962591	23.467264683651237
381	31968256	4795404	12	26205306	C	T	31968256	75.60198751865418	2	18772184	C	G	4795404	23.467264683651237
382	31968256	4480228	12	26205306	C	T	31968256	75.60198751865418	2	14963940	C	G	4480228	22.248677248677247
383	31968256	4402763	12	26205306	C	T	31968256	75.60198751865418	2	14161828	C	T	4402763	21.499364259054182
384	31968256	4825981	12	26205306	C	T	31968256	75.60198751865418	2	19183447	C	T	4825981	12.343030909953075
385	17574933	27328	7	7765478	C	G	17574933	71.81778293973417	1	390604	C	T	27328	63.79716614906831
386	17574933	24047658	7	7765478	C	G	17574933	71.81778293973417	9	19637006	C	T	24047658	61.05688519620811
387	17574933	16492040	7	7765478	C	G	17574933	71.81778293973417	6	23854416	C	G	16492040	55.11121094139961
388	17574933	11003847	7	7765478	C	G	17574933	71.81778293973417	4	21900574	C	T	11003847	49.30699040444802
389	17574933	4581583	7	7765478	C	G	17574933	71.81778293973417	2	16254188	C	T	4581583	49.30699040444802
390	17574933	19712684	7	7765478	C	G	17574933	71.81778293973417	8	2322797	T	T	19712684	43.869653880070544
391	17574933	4400618	7	7765478	C	G	17574933	71.81778293973417	2	14140321	A	T	4400618	41.87723334100146
392	17574933	24793359	7	7765478	C	G	17574933	71.81778293973417	10	4683582	T	T	24793359	41.25106292517008
393	17574933	8306627	7	7765478	C	G	17574933	71.81778293973417	3	30523640	T	T	8306627	40.64254042775169
394	17574933	19708452	7	7765478	C	G	17574933	71.81778293973417	8	2259562	C	T	19708452	39.47553816046967
395	17574933	31300760	7	7765478	C	G	17574933	71.81778293973417	12	18322283	C	T	31300760	39.47553816046967
396	17574933	5737592	7	7765478	C	G	17574933	71.81778293973417	2	30815946	T	T	5737592	38.37081128747795
397	17574933	8241135	7	7765478	C	G	17574933	71.81778293973417	3	29441592	A	G	8241135	38.37081128747795
398	17574933	4604168	7	7765478	C	G	17574933	71.81778293973417	2	16559266	G	T	4604168	37.84026472431077
399	17574933	28279637	7	7765478	C	G	17574933	71.81778293973417	11	19196994	C	T	28279637	34.928898083623686
400	17574933	21332124	7	7765478	C	G	17574933	71.81778293973417	8	17704103	C	T	21332124	32.02877355686344
401	17574933	11372775	7	7765478	C	G	17574933	71.81778293973417	4	27871179	C	G	11372775	30.921069847020927
402	17574933	11409404	7	7765478	C	G	17574933	71.81778293973417	4	28429455	C	T	11409404	29.227295041728038
403	17574933	23786808	7	7765478	C	G	17574933	71.81778293973417	9	15713377	G	T	23786808	27.699738691773
404	17574933	24463821	7	7765478	C	G	17574933	71.81778293973417	10	1846461	C	T	24463821	27.699738691773
405	17574933	4315859	7	7765478	C	G	17574933	71.81778293973417	2	13489494	C	T	4315859	27.41204345815996
406	17574933	4484603	7	7765478	C	G	17574933	71.81778293973417	2	15021863	C	G	4484603	27.41204345815996
407	17574933	4279014	7	7765478	C	G	17574933	71.81778293973417	2	13060534	C	T	4279014	27.129887184574685
408	17574933	6390759	7	7765478	C	G	17574933	71.81778293973417	3	5968466	A	T	6390759	27.129887184574685
409	17574933	3534230	7	7765478	C	G	17574933	71.81778293973417	2	3667550	T	T	3534230	26.853111615016378
410	17574933	4001238	7	7765478	C	G	17574933	71.81778293973417	2	9894953	G	T	4001238	26.853111615016378
411	17574933	4109133	7	7765478	C	G	17574933	71.81778293973417	2	10995452	A	G	4109133	26.3150991445384
412	17574933	4275641	7	7765478	C	G	17574933	71.81778293973417	2	13021007	A	G	4275641	24.350414078674945
413	17574933	4795404	7	7765478	C	G	17574933	71.81778293973417	2	18772184	C	G	4795404	23.467264683651237
414	17574933	4278507	7	7765478	C	G	17574933	71.81778293973417	2	13053373	C	T	4278507	22.64164193229233
415	17574933	4480228	7	7765478	C	G	17574933	71.81778293973417	2	14963940	C	G	4480228	22.248677248677247
416	17574933	4402763	7	7765478	C	G	17574933	71.81778293973417	2	14161828	C	T	4402763	21.499364259054182
417	17574933	24205641	7	7765478	C	G	17574933	71.81778293973417	9	22166657	G	G	24205641	20.458798745835782
418	17574933	31889548	7	7765478	C	G	17574933	71.81778293973417	12	24973861	C	C	31889548	20.29431460084033
419	17574933	4684972	7	7765478	C	G	17574933	71.81778293973417	2	17518981	C	T	4684972	19.060848857289827
420	17574933	4672942	7	7765478	C	G	17574933	71.81778293973417	2	17335711	A	C	4672942	17.699617346938776
421	17574933	5286022	7	7765478	C	G	17574933	71.81778293973417	2	24580435	C	T	5286022	16.066800910178884
422	17574933	8003803	7	7765478	C	G	17574933	71.81778293973417	3	25954894	C	T	8003803	14.329665543039196
423	17574933	4083679	7	7765478	C	G	17574933	71.81778293973417	2	10744597	C	T	4083679	12.616200206043956
424	17574933	4072644	7	7765478	C	G	17574933	71.81778293973417	2	10643565	A	C	4072644	12.546922862712336
425	17574933	4825981	7	7765478	C	G	17574933	71.81778293973417	2	19183447	C	T	4825981	12.343030909953075
426	17574933	4846256	7	7765478	C	G	17574933	71.81778293973417	2	19436528	C	T	4846256	12.144856650670606
427	17574933	4847130	7	7765478	C	G	17574933	71.81778293973417	2	19449356	G	T	4847130	11.76472982355335
428	17574933	4840162	7	7765478	C	G	17574933	71.81778293973417	2	19380805	C	T	4840162	11.703383442966777
429	17574933	4840151	7	7765478	C	G	17574933	71.81778293973417	2	19380745	C	T	4840151	11.64259021994448
430	17574933	4838535	7	7765478	C	G	17574933	71.81778293973417	2	19353065	A	G	4838535	11.17529604434366
431	22192202	26541053	8	28226063	A	G	22192202	70.06085443436633	11	1553694	C	T	26541053	30.221916160081047
432	22192202	5286022	8	28226063	A	G	22192202	70.06085443436633	2	24580435	C	T	5286022	16.066800910178884
433	26809923	24047658	11	5367349	C	T	26809923	68.38565891472868	9	19637006	C	T	24047658	61.05688519620811
434	26809923	19214389	11	5367349	C	T	26809923	68.38565891472868	7	24958868	A	G	19214389	41.25106292517008
435	26809923	19494027	11	5367349	C	T	26809923	68.38565891472868	7	29001247	C	T	19494027	14.505839156314698
436	26809923	4833319	11	5367349	C	T	26809923	68.38565891472868	2	19275740	C	T	4833319	12.41034755134281
437	26809923	4846256	11	5367349	C	T	26809923	68.38565891472868	2	19436528	C	T	4846256	12.144856650670606
438	26809923	2293867	11	5367349	C	T	26809923	68.38565891472868	1	27656026	A	T	2293867	11.952164033299354
439	26809923	4840162	11	5367349	C	T	26809923	68.38565891472868	2	19380805	C	T	4840162	11.703383442966777
440	26809923	19205475	11	5367349	C	T	26809923	68.38565891472868	7	24823769	C	T	19205475	11.64259021994448
441	26809923	4840151	11	5367349	C	T	26809923	68.38565891472868	2	19380745	C	T	4840151	11.64259021994448
442	26809923	4840308	11	5367349	C	T	26809923	68.38565891472868	2	19382030	G	T	4840308	11.64259021994448
443	26809923	4838535	11	5367349	C	T	26809923	68.38565891472868	2	19353065	A	G	4838535	11.17529604434366
444	14587859	4581583	6	3638989	G	G	14587859	66.78662367724867	2	16254188	C	T	4581583	49.30699040444802
445	14587859	4400618	6	3638989	G	G	14587859	66.78662367724867	2	14140321	A	T	4400618	41.87723334100146
446	14587859	4604168	6	3638989	G	G	14587859	66.78662367724867	2	16559266	G	T	4604168	37.84026472431077
447	14587859	4315859	6	3638989	G	G	14587859	66.78662367724867	2	13489494	C	T	4315859	27.41204345815996
448	14587859	4484603	6	3638989	G	G	14587859	66.78662367724867	2	15021863	C	G	4484603	27.41204345815996
449	14587859	4279014	6	3638989	G	G	14587859	66.78662367724867	2	13060534	C	T	4279014	27.129887184574685
450	14587859	4275641	6	3638989	G	G	14587859	66.78662367724867	2	13021007	A	G	4275641	24.350414078674945
451	14587859	4795404	6	3638989	G	G	14587859	66.78662367724867	2	18772184	C	G	4795404	23.467264683651237
452	14587859	4402763	6	3638989	G	G	14587859	66.78662367724867	2	14161828	C	T	4402763	21.499364259054182
453	14587859	4846256	6	3638989	G	G	14587859	66.78662367724867	2	19436528	C	T	4846256	12.144856650670606
454	14587859	4847130	6	3638989	G	G	14587859	66.78662367724867	2	19449356	G	T	4847130	11.76472982355335
455	14587859	4840162	6	3638989	G	G	14587859	66.78662367724867	2	19380805	C	T	4840162	11.703383442966777
456	14587859	4840151	6	3638989	G	G	14587859	66.78662367724867	2	19380745	C	T	4840151	11.64259021994448
457	14587859	4840308	6	3638989	G	G	14587859	66.78662367724867	2	19382030	G	T	4840308	11.64259021994448
458	14587859	4838535	6	3638989	G	G	14587859	66.78662367724867	2	19353065	A	G	4838535	11.17529604434366
459	27946084	4581583	11	16142274	C	T	27946084	65.25867136978246	2	16254188	C	T	4581583	49.30699040444802
460	27946084	4400618	11	16142274	C	T	27946084	65.25867136978246	2	14140321	A	T	4400618	41.87723334100146
461	27946084	4604168	11	16142274	C	T	27946084	65.25867136978246	2	16559266	G	T	4604168	37.84026472431077
462	27946084	11372775	11	16142274	C	T	27946084	65.25867136978246	4	27871179	C	G	11372775	30.921069847020927
463	27946084	4315859	11	16142274	C	T	27946084	65.25867136978246	2	13489494	C	T	4315859	27.41204345815996
464	27946084	4484603	11	16142274	C	T	27946084	65.25867136978246	2	15021863	C	G	4484603	27.41204345815996
465	27946084	4279014	11	16142274	C	T	27946084	65.25867136978246	2	13060534	C	T	4279014	27.129887184574685
466	27946084	4275641	11	16142274	C	T	27946084	65.25867136978246	2	13021007	A	G	4275641	24.350414078674945
467	27946084	3962591	11	16142274	C	T	27946084	65.25867136978246	2	9456179	C	T	3962591	23.467264683651237
468	27946084	4795404	11	16142274	C	T	27946084	65.25867136978246	2	18772184	C	G	4795404	23.467264683651237
469	27946084	4278507	11	16142274	C	T	27946084	65.25867136978246	2	13053373	C	T	4278507	22.64164193229233
470	27946084	4480228	11	16142274	C	T	27946084	65.25867136978246	2	14963940	C	G	4480228	22.248677248677247
471	27946084	4402763	11	16142274	C	T	27946084	65.25867136978246	2	14161828	C	T	4402763	21.499364259054182
472	27946084	4684972	11	16142274	C	T	27946084	65.25867136978246	2	17518981	C	T	4684972	19.060848857289827
473	27946084	4672942	11	16142274	C	T	27946084	65.25867136978246	2	17335711	A	C	4672942	17.699617346938776
474	27946084	4083679	11	16142274	C	T	27946084	65.25867136978246	2	10744597	C	T	4083679	12.616200206043956
475	27946084	4072644	11	16142274	C	T	27946084	65.25867136978246	2	10643565	A	C	4072644	12.546922862712336
476	27946084	4840162	11	16142274	C	T	27946084	65.25867136978246	2	19380805	C	T	4840162	11.703383442966777
477	27946084	4840151	11	16142274	C	T	27946084	65.25867136978246	2	19380745	C	T	4840151	11.64259021994448
478	27946084	4840308	11	16142274	C	T	27946084	65.25867136978246	2	19382030	G	T	4840308	11.64259021994448
479	27946084	4838535	11	16142274	C	T	27946084	65.25867136978246	2	19353065	A	G	4838535	11.17529604434366
480	27328	24047658	1	390604	C	T	27328	63.79716614906831	9	19637006	C	T	24047658	61.05688519620811
481	27328	19214389	1	390604	C	T	27328	63.79716614906831	7	24958868	A	G	19214389	41.25106292517008
482	27328	5286022	1	390604	C	T	27328	63.79716614906831	2	24580435	C	T	5286022	16.066800910178884
483	349360	4581583	1	4815442	C	G	349360	62.39786671169649	2	16254188	C	T	4581583	49.30699040444802
484	349360	11372775	1	4815442	C	G	349360	62.39786671169649	4	27871179	C	G	11372775	30.921069847020927
485	349360	11409404	1	4815442	C	G	349360	62.39786671169649	4	28429455	C	T	11409404	29.227295041728038
486	349360	5286022	1	4815442	C	G	349360	62.39786671169649	2	24580435	C	T	5286022	16.066800910178884
487	799953	4581583	1	11422519	A	C	799953	62.39786671169649	2	16254188	C	T	4581583	49.30699040444802
488	799953	4400618	1	11422519	A	C	799953	62.39786671169649	2	14140321	A	T	4400618	41.87723334100146
489	799953	4604168	1	11422519	A	C	799953	62.39786671169649	2	16559266	G	T	4604168	37.84026472431077
490	799953	11372775	1	11422519	A	C	799953	62.39786671169649	4	27871179	C	G	11372775	30.921069847020927
491	799953	4109133	1	11422519	A	C	799953	62.39786671169649	2	10995452	A	G	4109133	26.3150991445384
492	799953	14280168	1	11422519	A	C	799953	62.39786671169649	5	29665469	C	T	14280168	25.05423575680272
493	24047658	31848688	9	19637006	C	T	24047658	61.05688519620811	12	24387429	G	T	31848688	61.05688519620811
494	24047658	29200802	9	19637006	C	T	24047658	61.05688519620811	11	27572202	C	T	29200802	56.208848443223445
495	24047658	16492040	9	19637006	C	T	24047658	61.05688519620811	6	23854416	C	G	16492040	55.11121094139961
496	24047658	458842	9	19637006	C	T	24047658	61.05688519620811	1	6521524	C	T	458842	47.62607338017174
497	24047658	4400618	9	19637006	C	T	24047658	61.05688519620811	2	14140321	A	T	4400618	41.87723334100146
498	24047658	17582180	9	19637006	C	T	24047658	61.05688519620811	7	7844094	C	T	17582180	41.25106292517008
499	24047658	21729731	9	19637006	C	T	24047658	61.05688519620811	8	21796207	C	T	21729731	41.25106292517008
500	24047658	4271416	9	19637006	C	T	24047658	61.05688519620811	2	12967572	C	G	4271416	39.47553816046967
501	24047658	5305356	9	19637006	C	T	24047658	61.05688519620811	2	24712105	A	T	5305356	39.47553816046967
502	24047658	5869864	9	19637006	C	T	24047658	61.05688519620811	2	33142844	G	G	5869864	38.37081128747795
503	24047658	8241135	9	19637006	C	T	24047658	61.05688519620811	3	29441592	A	G	8241135	38.37081128747795
504	24047658	16513137	9	19637006	C	T	24047658	61.05688519620811	6	24128027	C	G	16513137	37.84026472431077
505	24047658	24666545	9	19637006	C	T	24047658	61.05688519620811	10	3501622	C	T	24666545	37.84026472431077
506	24047658	28024860	9	19637006	C	T	24047658	61.05688519620811	11	16773503	C	T	28024860	37.84026472431077
507	24047658	8231687	9	19637006	C	T	24047658	61.05688519620811	3	29250252	C	T	8231687	32.80972146202031
508	24047658	17508903	9	19637006	C	T	24047658	61.05688519620811	7	7068264	T	T	17508903	32.41480654761905
509	24047658	11372775	9	19637006	C	T	24047658	61.05688519620811	4	27871179	C	G	11372775	30.921069847020927
510	24047658	26541053	9	19637006	C	T	24047658	61.05688519620811	11	1553694	C	T	26541053	30.221916160081047
511	24047658	26215551	9	19637006	C	T	24047658	61.05688519620811	10	19688076	T	T	26215551	27.129887184574685
512	24047658	3534230	9	19637006	C	T	24047658	61.05688519620811	2	3667550	T	T	3534230	26.853111615016378
513	24047658	4894844	9	19637006	C	T	24047658	61.05688519620811	2	20053816	A	C	4894844	26.3150991445384
514	24047658	14201125	9	19637006	C	T	24047658	61.05688519620811	5	28237254	T	T	14201125	25.05423575680272
515	24047658	26538020	9	19637006	C	T	24047658	61.05688519620811	11	1511052	C	T	26538020	23.682430387409195
516	24047658	26233507	9	19637006	C	T	24047658	61.05688519620811	10	19980736	T	T	26233507	19.20746845746845
517	24047658	14917061	9	19637006	C	T	24047658	61.05688519620811	6	8118601	T	T	14917061	19.060848857289827
518	24047658	10894073	9	19637006	C	T	24047658	61.05688519620811	4	20724046	C	G	10894073	18.4942286036036
519	24047658	2729445	9	19637006	C	T	24047658	61.05688519620811	1	34084206	C	T	2729445	17.957500087023114
520	24047658	2264828	9	19637006	C	T	24047658	61.05688519620811	1	27321565	T	T	2264828	17.82771380157001
521	24047658	6931142	9	19637006	C	T	24047658	61.05688519620811	3	14199897	T	T	6931142	17.5731780167264
522	24047658	7001241	9	19637006	C	T	24047658	61.05688519620811	3	15131932	G	T	7001241	15.85555750077809
523	24047658	16612855	9	19637006	C	T	24047658	61.05688519620811	6	25506387	T	T	16612855	14.68589925286354
524	24047658	29046601	9	19637006	C	T	24047658	61.05688519620811	11	26323476	A	T	29046601	13.823249076829804
525	24047658	6787311	9	19637006	C	T	24047658	61.05688519620811	3	12412541	T	T	6787311	13.120534891679169
526	24047658	19238474	9	19637006	C	T	24047658	61.05688519620811	7	25325428	T	T	19238474	12.546922862712336
527	31848688	4581583	12	24387429	G	T	31848688	61.05688519620811	2	16254188	C	T	4581583	49.30699040444802
528	31848688	4400618	12	24387429	G	T	31848688	61.05688519620811	2	14140321	A	T	4400618	41.87723334100146
529	31848688	4604168	12	24387429	G	T	31848688	61.05688519620811	2	16559266	G	T	4604168	37.84026472431077
530	31848688	28279637	12	24387429	G	T	31848688	61.05688519620811	11	19196994	C	T	28279637	34.928898083623686
531	31848688	11372775	12	24387429	G	T	31848688	61.05688519620811	4	27871179	C	G	11372775	30.921069847020927
532	31848688	4315859	12	24387429	G	T	31848688	61.05688519620811	2	13489494	C	T	4315859	27.41204345815996
533	31848688	4484603	12	24387429	G	T	31848688	61.05688519620811	2	15021863	C	G	4484603	27.41204345815996
534	31848688	4279014	12	24387429	G	T	31848688	61.05688519620811	2	13060534	C	T	4279014	27.129887184574685
535	31848688	4001238	12	24387429	G	T	31848688	61.05688519620811	2	9894953	G	T	4001238	26.853111615016378
536	31848688	4109133	12	24387429	G	T	31848688	61.05688519620811	2	10995452	A	G	4109133	26.3150991445384
537	31848688	4275641	12	24387429	G	T	31848688	61.05688519620811	2	13021007	A	G	4275641	24.350414078674945
538	31848688	3962591	12	24387429	G	T	31848688	61.05688519620811	2	9456179	C	T	3962591	23.467264683651237
539	31848688	4795404	12	24387429	G	T	31848688	61.05688519620811	2	18772184	C	G	4795404	23.467264683651237
540	31848688	4480228	12	24387429	G	T	31848688	61.05688519620811	2	14963940	C	G	4480228	22.248677248677247
541	31848688	4402763	12	24387429	G	T	31848688	61.05688519620811	2	14161828	C	T	4402763	21.499364259054182
542	31848688	4684972	12	24387429	G	T	31848688	61.05688519620811	2	17518981	C	T	4684972	19.060848857289827
543	31848688	4672942	12	24387429	G	T	31848688	61.05688519620811	2	17335711	A	C	4672942	17.699617346938776
544	31848688	5286022	12	24387429	G	T	31848688	61.05688519620811	2	24580435	C	T	5286022	16.066800910178884
545	31848688	4083679	12	24387429	G	T	31848688	61.05688519620811	2	10744597	C	T	4083679	12.616200206043956
546	31848688	4072644	12	24387429	G	T	31848688	61.05688519620811	2	10643565	A	C	4072644	12.546922862712336
547	31848688	28592700	12	24387429	G	T	31848688	61.05688519620811	11	22141411	A	G	28592700	12.343030909953075
548	31848688	4825981	12	24387429	G	T	31848688	61.05688519620811	2	19183447	C	T	4825981	12.343030909953075
549	31848688	4846256	12	24387429	G	T	31848688	61.05688519620811	2	19436528	C	T	4846256	12.144856650670606
550	31848688	4847130	12	24387429	G	T	31848688	61.05688519620811	2	19449356	G	T	4847130	11.76472982355335
551	31848688	4840162	12	24387429	G	T	31848688	61.05688519620811	2	19380805	C	T	4840162	11.703383442966777
552	31848688	4840151	12	24387429	G	T	31848688	61.05688519620811	2	19380745	C	T	4840151	11.64259021994448
553	31848688	4840308	12	24387429	G	T	31848688	61.05688519620811	2	19382030	G	T	4840308	11.64259021994448
554	31848688	4838535	12	24387429	G	T	31848688	61.05688519620811	2	19353065	A	G	4838535	11.17529604434366
555	31846307	4581583	12	24339998	C	G	31846307	59.77065111758988	2	16254188	C	T	4581583	49.30699040444802
556	31846307	4400618	12	24339998	C	G	31846307	59.77065111758988	2	14140321	A	T	4400618	41.87723334100146
557	31846307	8241135	12	24339998	C	G	31846307	59.77065111758988	3	29441592	A	G	8241135	38.37081128747795
558	31846307	4604168	12	24339998	C	G	31846307	59.77065111758988	2	16559266	G	T	4604168	37.84026472431077
559	31846307	28279637	12	24339998	C	G	31846307	59.77065111758988	11	19196994	C	T	28279637	34.928898083623686
560	31846307	11372775	12	24339998	C	G	31846307	59.77065111758988	4	27871179	C	G	11372775	30.921069847020927
561	31846307	4315859	12	24339998	C	G	31846307	59.77065111758988	2	13489494	C	T	4315859	27.41204345815996
562	31846307	4484603	12	24339998	C	G	31846307	59.77065111758988	2	15021863	C	G	4484603	27.41204345815996
563	31846307	4279014	12	24339998	C	G	31846307	59.77065111758988	2	13060534	C	T	4279014	27.129887184574685
564	31846307	4001238	12	24339998	C	G	31846307	59.77065111758988	2	9894953	G	T	4001238	26.853111615016378
565	31846307	4109133	12	24339998	C	G	31846307	59.77065111758988	2	10995452	A	G	4109133	26.3150991445384
566	31846307	4275641	12	24339998	C	G	31846307	59.77065111758988	2	13021007	A	G	4275641	24.350414078674945
567	31846307	3962591	12	24339998	C	G	31846307	59.77065111758988	2	9456179	C	T	3962591	23.467264683651237
568	31846307	4795404	12	24339998	C	G	31846307	59.77065111758988	2	18772184	C	G	4795404	23.467264683651237
569	31846307	4480228	12	24339998	C	G	31846307	59.77065111758988	2	14963940	C	G	4480228	22.248677248677247
570	31846307	4402763	12	24339998	C	G	31846307	59.77065111758988	2	14161828	C	T	4402763	21.499364259054182
571	31846307	4684972	12	24339998	C	G	31846307	59.77065111758988	2	17518981	C	T	4684972	19.060848857289827
572	31846307	4672942	12	24339998	C	G	31846307	59.77065111758988	2	17335711	A	C	4672942	17.699617346938776
573	31846307	5286022	12	24339998	C	G	31846307	59.77065111758988	2	24580435	C	T	5286022	16.066800910178884
574	31846307	4083679	12	24339998	C	G	31846307	59.77065111758988	2	10744597	C	T	4083679	12.616200206043956
575	31846307	4072644	12	24339998	C	G	31846307	59.77065111758988	2	10643565	A	C	4072644	12.546922862712336
576	31846307	28592700	12	24339998	C	G	31846307	59.77065111758988	11	22141411	A	G	28592700	12.343030909953075
577	31846307	4825981	12	24339998	C	G	31846307	59.77065111758988	2	19183447	C	T	4825981	12.343030909953075
578	31846307	4846256	12	24339998	C	G	31846307	59.77065111758988	2	19436528	C	T	4846256	12.144856650670606
579	31846307	4847130	12	24339998	C	G	31846307	59.77065111758988	2	19449356	G	T	4847130	11.76472982355335
580	31846307	4840162	12	24339998	C	G	31846307	59.77065111758988	2	19380805	C	T	4840162	11.703383442966777
581	31846307	4840151	12	24339998	C	G	31846307	59.77065111758988	2	19380745	C	T	4840151	11.64259021994448
582	31846307	4840308	12	24339998	C	G	31846307	59.77065111758988	2	19382030	G	T	4840308	11.64259021994448
583	31846307	4838535	12	24339998	C	G	31846307	59.77065111758988	2	19353065	A	G	4838535	11.17529604434366
584	19214025	14143980	7	24952100	A	T	19214025	58.53587962962963	5	27221507	C	T	14143980	50.19093801313628
585	19214025	8241135	7	24952100	A	T	19214025	58.53587962962963	3	29441592	A	G	8241135	38.37081128747795
586	19214025	16874050	7	24952100	A	T	19214025	58.53587962962963	6	29221663	A	G	16874050	28.597736625514404
587	19214025	25586711	7	24952100	A	T	19214025	58.53587962962963	10	11642706	A	G	25586711	24.1239081600073
588	19214025	25582595	7	24952100	A	T	19214025	58.53587962962963	10	11596546	C	G	25582595	21.319253663003664
589	22937024	4581583	9	6975807	C	T	22937024	57.34954352111215	2	16254188	C	T	4581583	49.30699040444802
590	22937024	4400618	9	6975807	C	T	22937024	57.34954352111215	2	14140321	A	T	4400618	41.87723334100146
591	22937024	4604168	9	6975807	C	T	22937024	57.34954352111215	2	16559266	G	T	4604168	37.84026472431077
592	22937024	28279637	9	6975807	C	T	22937024	57.34954352111215	11	19196994	C	T	28279637	34.928898083623686
593	22937024	11409404	9	6975807	C	T	22937024	57.34954352111215	4	28429455	C	T	11409404	29.227295041728038
594	22937024	4315859	9	6975807	C	T	22937024	57.34954352111215	2	13489494	C	T	4315859	27.41204345815996
595	22937024	4484603	9	6975807	C	T	22937024	57.34954352111215	2	15021863	C	G	4484603	27.41204345815996
596	22937024	4001238	9	6975807	C	T	22937024	57.34954352111215	2	9894953	G	T	4001238	26.853111615016378
597	22937024	4109133	9	6975807	C	T	22937024	57.34954352111215	2	10995452	A	G	4109133	26.3150991445384
598	22937024	14280168	9	6975807	C	T	22937024	57.34954352111215	5	29665469	C	T	14280168	25.05423575680272
599	22937024	4275641	9	6975807	C	T	22937024	57.34954352111215	2	13021007	A	G	4275641	24.350414078674945
600	22937024	3962591	9	6975807	C	T	22937024	57.34954352111215	2	9456179	C	T	3962591	23.467264683651237
601	22937024	4480228	9	6975807	C	T	22937024	57.34954352111215	2	14963940	C	G	4480228	22.248677248677247
602	22937024	4684972	9	6975807	C	T	22937024	57.34954352111215	2	17518981	C	T	4684972	19.060848857289827
603	22937024	4083679	9	6975807	C	T	22937024	57.34954352111215	2	10744597	C	T	4083679	12.616200206043956
604	22937024	4072644	9	6975807	C	T	22937024	57.34954352111215	2	10643565	A	C	4072644	12.546922862712336
605	22937024	4825981	9	6975807	C	T	22937024	57.34954352111215	2	19183447	C	T	4825981	12.343030909953075
606	22937024	4846256	9	6975807	C	T	22937024	57.34954352111215	2	19436528	C	T	4846256	12.144856650670606
607	22937024	4840162	9	6975807	C	T	22937024	57.34954352111215	2	19380805	C	T	4840162	11.703383442966777
608	22937024	4840151	9	6975807	C	T	22937024	57.34954352111215	2	19380745	C	T	4840151	11.64259021994448
609	22937024	4840308	9	6975807	C	T	22937024	57.34954352111215	2	19382030	G	T	4840308	11.64259021994448
610	22937024	4838535	9	6975807	C	T	22937024	57.34954352111215	2	19353065	A	G	4838535	11.17529604434366
611	29200802	4581583	11	27572202	C	T	29200802	56.208848443223445	2	16254188	C	T	4581583	49.30699040444802
612	29200802	4400618	11	27572202	C	T	29200802	56.208848443223445	2	14140321	A	T	4400618	41.87723334100146
613	29200802	4271416	11	27572202	C	T	29200802	56.208848443223445	2	12967572	C	G	4271416	39.47553816046967
614	29200802	4604168	11	27572202	C	T	29200802	56.208848443223445	2	16559266	G	T	4604168	37.84026472431077
615	29200802	19207333	11	27572202	C	T	29200802	56.208848443223445	7	24844541	C	T	19207333	35.38415311254817
616	29200802	24080518	11	27572202	C	T	29200802	56.208848443223445	9	20181232	C	T	24080518	32.41480654761905
617	29200802	4315859	11	27572202	C	T	29200802	56.208848443223445	2	13489494	C	T	4315859	27.41204345815996
618	29200802	4001238	11	27572202	C	T	29200802	56.208848443223445	2	9894953	G	T	4001238	26.853111615016378
619	29200802	4109133	11	27572202	C	T	29200802	56.208848443223445	2	10995452	A	G	4109133	26.3150991445384
620	29200802	4275641	11	27572202	C	T	29200802	56.208848443223445	2	13021007	A	G	4275641	24.350414078674945
621	29200802	3962591	11	27572202	C	T	29200802	56.208848443223445	2	9456179	C	T	3962591	23.467264683651237
622	29200802	4795404	11	27572202	C	T	29200802	56.208848443223445	2	18772184	C	G	4795404	23.467264683651237
623	29200802	4278507	11	27572202	C	T	29200802	56.208848443223445	2	13053373	C	T	4278507	22.64164193229233
624	29200802	4480228	11	27572202	C	T	29200802	56.208848443223445	2	14963940	C	G	4480228	22.248677248677247
625	29200802	4402763	11	27572202	C	T	29200802	56.208848443223445	2	14161828	C	T	4402763	21.499364259054182
626	29200802	4684972	11	27572202	C	T	29200802	56.208848443223445	2	17518981	C	T	4684972	19.060848857289827
627	29200802	4672942	11	27572202	C	T	29200802	56.208848443223445	2	17335711	A	C	4672942	17.699617346938776
628	29200802	4072644	11	27572202	C	T	29200802	56.208848443223445	2	10643565	A	C	4072644	12.546922862712336
629	29200802	4833319	11	27572202	C	T	29200802	56.208848443223445	2	19275740	C	T	4833319	12.41034755134281
630	29200802	4825981	11	27572202	C	T	29200802	56.208848443223445	2	19183447	C	T	4825981	12.343030909953075
631	29200802	4846256	11	27572202	C	T	29200802	56.208848443223445	2	19436528	C	T	4846256	12.144856650670606
632	29200802	4847130	11	27572202	C	T	29200802	56.208848443223445	2	19449356	G	T	4847130	11.76472982355335
633	29200802	4840162	11	27572202	C	T	29200802	56.208848443223445	2	19380805	C	T	4840162	11.703383442966777
634	29200802	4840151	11	27572202	C	T	29200802	56.208848443223445	2	19380745	C	T	4840151	11.64259021994448
635	29200802	4840308	11	27572202	C	T	29200802	56.208848443223445	2	19382030	G	T	4840308	11.64259021994448
636	29200802	4838535	11	27572202	C	T	29200802	56.208848443223445	2	19353065	A	G	4838535	11.17529604434366
637	31773089	28279637	12	23396838	C	G	31773089	56.208848443223445	11	19196994	C	T	28279637	34.928898083623686
638	31773089	8231687	12	23396838	C	G	31773089	56.208848443223445	3	29250252	C	T	8231687	32.80972146202031
639	31773089	13597240	12	23396838	C	G	31773089	56.208848443223445	5	19026674	A	G	13597240	26.853111615016378
640	31773089	5286022	12	23396838	C	G	31773089	56.208848443223445	2	24580435	C	T	5286022	16.066800910178884
641	16492040	21638382	6	23854416	C	G	16492040	55.11121094139961	8	20508991	C	T	21638382	48.45251873897708
642	16492040	19214389	6	23854416	C	G	16492040	55.11121094139961	7	24958868	A	G	19214389	41.25106292517008
643	16492040	23230405	6	23854416	C	G	16492040	55.11121094139961	9	9788461	C	G	23230405	41.25106292517008
644	16492040	19207333	6	23854416	C	G	16492040	55.11121094139961	7	24844541	C	T	19207333	35.38415311254817
645	16492040	17422654	6	23854416	C	G	16492040	55.11121094139961	7	6232067	C	T	17422654	22.64164193229233
646	16492040	19205475	6	23854416	C	G	16492040	55.11121094139961	7	24823769	C	T	19205475	11.64259021994448
647	26059361	19214389	10	17442630	C	T	26059361	55.11121094139961	7	24958868	A	G	19214389	41.25106292517008
648	26059361	18234168	10	17442630	C	T	26059361	55.11121094139961	7	13441138	C	T	18234168	15.447684805084227
649	17759351	4581583	7	9445386	A	T	17759351	54.05423892808152	2	16254188	C	T	4581583	49.30699040444802
650	15774129	8241135	6	16506923	C	T	15774129	51.10591293047432	3	29441592	A	G	8241135	38.37081128747795
651	15774129	11372775	6	16506923	C	T	15774129	51.10591293047432	4	27871179	C	G	11372775	30.921069847020927
652	15774129	11409404	6	16506923	C	T	15774129	51.10591293047432	4	28429455	C	T	11409404	29.227295041728038
653	14143980	19214389	5	27221507	C	T	14143980	50.19093801313628	7	24958868	A	G	19214389	41.25106292517008
654	11003847	19214389	4	21900574	C	T	11003847	49.30699040444802	7	24958868	A	G	19214389	41.25106292517008
655	11003847	19207333	4	21900574	C	T	11003847	49.30699040444802	7	24844541	C	T	19207333	35.38415311254817
656	11003847	17422654	4	21900574	C	T	11003847	49.30699040444802	7	6232067	C	T	17422654	22.64164193229233
657	4581583	6734131	2	16254188	C	T	4581583	49.30699040444802	3	11560972	T	T	6734131	49.30699040444802
658	4581583	458842	2	16254188	C	T	4581583	49.30699040444802	1	6521524	C	T	458842	47.62607338017174
659	4581583	15157499	2	16254188	C	T	4581583	49.30699040444802	6	10766790	T	T	15157499	45.30175781249999
660	4581583	10447188	2	16254188	C	T	4581583	49.30699040444802	4	15893462	T	T	10447188	44.57468457468457
661	4581583	28194353	2	16254188	C	T	4581583	49.30699040444802	11	18283673	C	T	28194353	43.18567874911158
662	4581583	19258436	2	16254188	C	T	4581583	49.30699040444802	7	25662239	T	T	19258436	41.25106292517008
663	4581583	23230405	2	16254188	C	T	4581583	49.30699040444802	9	9788461	C	G	23230405	41.25106292517008
664	4581583	24793359	2	16254188	C	T	4581583	49.30699040444802	10	4683582	T	T	24793359	41.25106292517008
665	4581583	10451455	2	16254188	C	T	4581583	49.30699040444802	4	15926928	T	T	10451455	39.47553816046967
666	4581583	17149169	2	16254188	C	T	4581583	49.30699040444802	7	2186597	T	T	17149169	39.47553816046967
667	4581583	17295064	2	16254188	C	T	4581583	49.30699040444802	7	4514862	C	T	17295064	37.84026472431077
668	4581583	19207333	2	16254188	C	T	4581583	49.30699040444802	7	24844541	C	T	19207333	35.38415311254817
669	4581583	26440543	2	16254188	C	T	4581583	49.30699040444802	11	130453	C	T	26440543	32.41480654761905
670	4581583	14598243	2	16254188	C	T	4581583	49.30699040444802	6	3771239	T	T	14598243	29.227295041728038
671	4581583	24463821	2	16254188	C	T	4581583	49.30699040444802	10	1846461	C	T	24463821	27.699738691773
672	4581583	13597240	2	16254188	C	T	4581583	49.30699040444802	5	19026674	A	G	13597240	26.853111615016378
673	4581583	14280168	2	16254188	C	T	4581583	49.30699040444802	5	29665469	C	T	14280168	25.05423575680272
674	4581583	6054864	2	16254188	C	T	4581583	49.30699040444802	3	213474	C	T	6054864	23.047619047619047
675	4581583	14582656	2	16254188	C	T	4581583	49.30699040444802	6	3537429	T	T	14582656	17.5731780167264
676	4581583	14582641	2	16254188	C	T	4581583	49.30699040444802	6	3537284	T	T	14582641	16.847612474941666
677	4581583	31937135	2	16254188	C	T	4581583	49.30699040444802	12	25749767	C	T	31937135	15.85555750077809
678	4581583	18234168	2	16254188	C	T	4581583	49.30699040444802	7	13441138	C	T	18234168	15.447684805084227
679	4581583	14575404	2	16254188	C	T	4581583	49.30699040444802	6	3426573	G	G	14575404	14.072422384591697
680	4581583	29046601	2	16254188	C	T	4581583	49.30699040444802	11	26323476	A	T	29046601	13.823249076829804
681	4581583	19238474	2	16254188	C	T	4581583	49.30699040444802	7	25325428	T	T	19238474	12.546922862712336
682	4581583	19205475	2	16254188	C	T	4581583	49.30699040444802	7	24823769	C	T	19205475	11.64259021994448
683	6734131	4400618	3	11560972	T	T	6734131	49.30699040444802	2	14140321	A	T	4400618	41.87723334100146
684	6734131	4604168	3	11560972	T	T	6734131	49.30699040444802	2	16559266	G	T	4604168	37.84026472431077
685	6734131	28279637	3	11560972	T	T	6734131	49.30699040444802	11	19196994	C	T	28279637	34.928898083623686
686	6734131	11409404	3	11560972	T	T	6734131	49.30699040444802	4	28429455	C	T	11409404	29.227295041728038
687	6734131	4001238	3	11560972	T	T	6734131	49.30699040444802	2	9894953	G	T	4001238	26.853111615016378
688	6734131	3962591	3	11560972	T	T	6734131	49.30699040444802	2	9456179	C	T	3962591	23.467264683651237
689	6734131	4795404	3	11560972	T	T	6734131	49.30699040444802	2	18772184	C	G	4795404	23.467264683651237
690	6734131	4684972	3	11560972	T	T	6734131	49.30699040444802	2	17518981	C	T	4684972	19.060848857289827
691	6734131	4672942	3	11560972	T	T	6734131	49.30699040444802	2	17335711	A	C	4672942	17.699617346938776
692	6734131	5286022	3	11560972	T	T	6734131	49.30699040444802	2	24580435	C	T	5286022	16.066800910178884
693	6734131	4083679	3	11560972	T	T	6734131	49.30699040444802	2	10744597	C	T	4083679	12.616200206043956
694	6734131	4072644	3	11560972	T	T	6734131	49.30699040444802	2	10643565	A	C	4072644	12.546922862712336
695	21638382	28279637	8	20508991	C	T	21638382	48.45251873897708	11	19196994	C	T	28279637	34.928898083623686
696	27669862	11409404	11	13704874	C	T	27669862	48.45251873897708	4	28429455	C	T	11409404	29.227295041728038
697	27669862	5286022	11	13704874	C	T	27669862	48.45251873897708	2	24580435	C	T	5286022	16.066800910178884
698	19490931	19712684	7	28950437	G	T	19490931	47.62607338017174	8	2322797	T	T	19712684	43.869653880070544
699	458842	4400618	1	6521524	C	T	458842	47.62607338017174	2	14140321	A	T	4400618	41.87723334100146
700	458842	4604168	1	6521524	C	T	458842	47.62607338017174	2	16559266	G	T	4604168	37.84026472431077
701	458842	24080518	1	6521524	C	T	458842	47.62607338017174	9	20181232	C	T	24080518	32.41480654761905
702	458842	13597240	1	6521524	C	T	458842	47.62607338017174	5	19026674	A	G	13597240	26.853111615016378
703	27370097	5286022	11	10878925	A	C	27370097	46.05192323843117	2	24580435	C	T	5286022	16.066800910178884
704	15157499	21729731	6	10766790	T	T	15157499	45.30175781249999	8	21796207	C	T	21729731	41.25106292517008
705	15157499	4604168	6	10766790	T	T	15157499	45.30175781249999	2	16559266	G	T	4604168	37.84026472431077
706	15157499	4684972	6	10766790	T	T	15157499	45.30175781249999	2	17518981	C	T	4684972	19.060848857289827
707	15157499	4672942	6	10766790	T	T	15157499	45.30175781249999	2	17335711	A	C	4672942	17.699617346938776
708	10447188	4400618	4	15893462	T	T	10447188	44.57468457468457	2	14140321	A	T	4400618	41.87723334100146
709	10447188	4604168	4	15893462	T	T	10447188	44.57468457468457	2	16559266	G	T	4604168	37.84026472431077
710	10447188	4315859	4	15893462	T	T	10447188	44.57468457468457	2	13489494	C	T	4315859	27.41204345815996
711	10447188	4484603	4	15893462	T	T	10447188	44.57468457468457	2	15021863	C	G	4484603	27.41204345815996
712	10447188	4279014	4	15893462	T	T	10447188	44.57468457468457	2	13060534	C	T	4279014	27.129887184574685
713	10447188	4001238	4	15893462	T	T	10447188	44.57468457468457	2	9894953	G	T	4001238	26.853111615016378
714	10447188	4109133	4	15893462	T	T	10447188	44.57468457468457	2	10995452	A	G	4109133	26.3150991445384
715	10447188	4275641	4	15893462	T	T	10447188	44.57468457468457	2	13021007	A	G	4275641	24.350414078674945
716	10447188	3962591	4	15893462	T	T	10447188	44.57468457468457	2	9456179	C	T	3962591	23.467264683651237
717	10447188	4795404	4	15893462	T	T	10447188	44.57468457468457	2	18772184	C	G	4795404	23.467264683651237
718	10447188	4278507	4	15893462	T	T	10447188	44.57468457468457	2	13053373	C	T	4278507	22.64164193229233
719	10447188	4480228	4	15893462	T	T	10447188	44.57468457468457	2	14963940	C	G	4480228	22.248677248677247
720	10447188	4402763	4	15893462	T	T	10447188	44.57468457468457	2	14161828	C	T	4402763	21.499364259054182
721	10447188	4684972	4	15893462	T	T	10447188	44.57468457468457	2	17518981	C	T	4684972	19.060848857289827
722	10447188	4672942	4	15893462	T	T	10447188	44.57468457468457	2	17335711	A	C	4672942	17.699617346938776
723	10447188	4083679	4	15893462	T	T	10447188	44.57468457468457	2	10744597	C	T	4083679	12.616200206043956
724	10447188	4072644	4	15893462	T	T	10447188	44.57468457468457	2	10643565	A	C	4072644	12.546922862712336
725	10447188	4846256	4	15893462	T	T	10447188	44.57468457468457	2	19436528	C	T	4846256	12.144856650670606
726	10447188	4847130	4	15893462	T	T	10447188	44.57468457468457	2	19449356	G	T	4847130	11.76472982355335
727	10447188	4840162	4	15893462	T	T	10447188	44.57468457468457	2	19380805	C	T	4840162	11.703383442966777
728	10447188	4840151	4	15893462	T	T	10447188	44.57468457468457	2	19380745	C	T	4840151	11.64259021994448
729	10447188	4840308	4	15893462	T	T	10447188	44.57468457468457	2	19382030	G	T	4840308	11.64259021994448
730	10447188	4838535	4	15893462	T	T	10447188	44.57468457468457	2	19353065	A	G	4838535	11.17529604434366
731	19712684	17582180	8	2322797	T	T	19712684	43.869653880070544	7	7844094	C	T	17582180	41.25106292517008
732	19712684	24080518	8	2322797	T	T	19712684	43.869653880070544	9	20181232	C	T	24080518	32.41480654761905
733	19712684	13597240	8	2322797	T	T	19712684	43.869653880070544	5	19026674	A	G	13597240	26.853111615016378
734	28194353	4400618	11	18283673	C	T	28194353	43.18567874911158	2	14140321	A	T	4400618	41.87723334100146
735	28194353	8241135	11	18283673	C	T	28194353	43.18567874911158	3	29441592	A	G	8241135	38.37081128747795
736	28194353	4604168	11	18283673	C	T	28194353	43.18567874911158	2	16559266	G	T	4604168	37.84026472431077
737	28194353	4315859	11	18283673	C	T	28194353	43.18567874911158	2	13489494	C	T	4315859	27.41204345815996
738	28194353	4484603	11	18283673	C	T	28194353	43.18567874911158	2	15021863	C	G	4484603	27.41204345815996
739	28194353	4275641	11	18283673	C	T	28194353	43.18567874911158	2	13021007	A	G	4275641	24.350414078674945
740	28194353	4480228	11	18283673	C	T	28194353	43.18567874911158	2	14963940	C	G	4480228	22.248677248677247
741	28194353	4402763	11	18283673	C	T	28194353	43.18567874911158	2	14161828	C	T	4402763	21.499364259054182
742	4400618	10451455	2	14140321	A	T	4400618	41.87723334100146	4	15926928	T	T	10451455	39.47553816046967
743	4400618	19207333	2	14140321	A	T	4400618	41.87723334100146	7	24844541	C	T	19207333	35.38415311254817
744	4400618	9650305	2	14140321	A	T	4400618	41.87723334100146	4	7501178	C	T	9650305	33.21382813461301
745	4400618	14598243	2	14140321	A	T	4400618	41.87723334100146	6	3771239	T	T	14598243	29.227295041728038
746	4400618	24463821	2	14140321	A	T	4400618	41.87723334100146	10	1846461	C	T	24463821	27.699738691773
747	4400618	17422654	2	14140321	A	T	4400618	41.87723334100146	7	6232067	C	T	17422654	22.64164193229233
748	4400618	2633309	2	14140321	A	T	4400618	41.87723334100146	1	32656375	T	T	2633309	18.63298599863225
749	4400618	2634372	2	14140321	A	T	4400618	41.87723334100146	1	32681124	G	G	2634372	17.325144070367
750	4400618	2631957	2	14140321	A	T	4400618	41.87723334100146	1	32633299	G	G	2631957	14.329665543039196
751	4400618	29046601	2	14140321	A	T	4400618	41.87723334100146	11	26323476	A	T	29046601	13.823249076829804
752	4400618	19205475	2	14140321	A	T	4400618	41.87723334100146	7	24823769	C	T	19205475	11.64259021994448
753	19214389	21729731	7	24958868	A	G	19214389	41.25106292517008	8	21796207	C	T	21729731	41.25106292517008
754	19214389	8306627	7	24958868	A	G	19214389	41.25106292517008	3	30523640	T	T	8306627	40.64254042775169
755	19214389	9155367	7	24958868	A	G	19214389	41.25106292517008	4	3568110	C	G	9155367	40.050930518812464
756	19214389	5869864	7	24958868	A	G	19214389	41.25106292517008	2	33142844	G	G	5869864	38.37081128747795
757	19214389	8241135	7	24958868	A	G	19214389	41.25106292517008	3	29441592	A	G	8241135	38.37081128747795
758	19214389	656573	7	24958868	A	G	19214389	41.25106292517008	1	9559651	C	T	656573	37.32350718065003
759	19214389	16874050	7	24958868	A	G	19214389	41.25106292517008	6	29221663	A	G	16874050	28.597736625514404
760	19214389	6390759	7	24958868	A	G	19214389	41.25106292517008	3	5968466	A	T	6390759	27.129887184574685
761	19214389	5919087	7	24958868	A	G	19214389	41.25106292517008	2	33923958	T	T	5919087	25.796854521625164
762	19214389	25546466	7	24958868	A	G	19214389	41.25106292517008	10	11211774	A	G	25546466	25.5448082010582
763	19214389	14201125	7	24958868	A	G	19214389	41.25106292517008	5	28237254	T	T	14201125	25.05423575680272
764	19214389	25586711	7	24958868	A	G	19214389	41.25106292517008	10	11642706	A	G	25586711	24.1239081600073
765	19214389	10723139	7	24958868	A	G	19214389	41.25106292517008	4	18416753	C	G	10723139	20.458798745835782
766	19214389	3818673	7	24958868	A	G	19214389	41.25106292517008	2	7675861	T	T	3818673	19.81509078451524
767	19214389	7100653	7	24958868	A	G	19214389	41.25106292517008	3	16287874	C	T	7100653	15.547879010306756
768	19214389	7112315	7	24958868	A	G	19214389	41.25106292517008	3	16433644	C	T	7112315	15.547879010306756
769	19214389	13658930	7	24958868	A	G	19214389	41.25106292517008	5	19832435	T	T	13658930	15.34863945578231
770	19214389	16926119	7	24958868	A	G	19214389	41.25106292517008	6	30071477	T	T	16926119	14.242997198879554
771	19214389	6640735	7	24958868	A	G	19214389	41.25106292517008	3	10039382	C	T	6640735	11.826636904761903
772	19258436	4604168	7	25662239	T	T	19258436	41.25106292517008	2	16559266	G	T	4604168	37.84026472431077
773	21729731	23786808	8	21796207	C	T	21729731	41.25106292517008	9	15713377	G	T	23786808	27.699738691773
774	21729731	13597240	8	21796207	C	T	21729731	41.25106292517008	5	19026674	A	G	13597240	26.853111615016378
775	21729731	5286022	8	21796207	C	T	21729731	41.25106292517008	2	24580435	C	T	5286022	16.066800910178884
776	23230405	8306627	9	9788461	C	G	23230405	41.25106292517008	3	30523640	T	T	8306627	40.64254042775169
777	23230405	5305356	9	9788461	C	G	23230405	41.25106292517008	2	24712105	A	T	5305356	39.47553816046967
778	23230405	16874050	9	9788461	C	G	23230405	41.25106292517008	6	29221663	A	G	16874050	28.597736625514404
779	23230405	26688237	9	9788461	C	G	23230405	41.25106292517008	11	3799601	T	T	26688237	28.597736625514404
780	23230405	26215551	9	9788461	C	G	23230405	41.25106292517008	10	19688076	T	T	26215551	27.129887184574685
781	23230405	18597429	9	9788461	C	G	23230405	41.25106292517008	7	16947239	C	T	18597429	26.3150991445384
782	23230405	14280168	9	9788461	C	G	23230405	41.25106292517008	5	29665469	C	T	14280168	25.05423575680272
783	23230405	9388322	9	9788461	C	G	23230405	41.25106292517008	4	5154855	C	T	9388322	23.90127979016868
784	23230405	18754031	9	9788461	C	G	23230405	41.25106292517008	7	18901273	T	T	18754031	23.25569058641975
785	23230405	16926119	9	9788461	C	G	23230405	41.25106292517008	6	30071477	T	T	16926119	14.242997198879554
786	23230405	480775	9	9788461	C	G	23230405	41.25106292517008	1	6903987	G	G	480775	13.988486842105262
787	24793359	5305356	10	4683582	T	T	24793359	41.25106292517008	2	24712105	A	T	5305356	39.47553816046967
788	24793359	8241135	10	4683582	T	T	24793359	41.25106292517008	3	29441592	A	G	8241135	38.37081128747795
789	22145795	14280168	8	27572793	C	T	22145795	40.050930518812464	5	29665469	C	T	14280168	25.05423575680272
790	22145795	5286022	8	27572793	C	T	22145795	40.050930518812464	2	24580435	C	T	5286022	16.066800910178884
791	27390214	5286022	11	11077576	C	T	27390214	40.050930518812464	2	24580435	C	T	5286022	16.066800910178884
792	9155367	4271416	4	3568110	C	G	9155367	40.050930518812464	2	12967572	C	G	4271416	39.47553816046967
793	9155367	5286022	4	3568110	C	G	9155367	40.050930518812464	2	24580435	C	T	5286022	16.066800910178884
794	10451455	4604168	4	15926928	T	T	10451455	39.47553816046967	2	16559266	G	T	4604168	37.84026472431077
795	10451455	4315859	4	15926928	T	T	10451455	39.47553816046967	2	13489494	C	T	4315859	27.41204345815996
796	10451455	4484603	4	15926928	T	T	10451455	39.47553816046967	2	15021863	C	G	4484603	27.41204345815996
797	10451455	4279014	4	15926928	T	T	10451455	39.47553816046967	2	13060534	C	T	4279014	27.129887184574685
798	10451455	4001238	4	15926928	T	T	10451455	39.47553816046967	2	9894953	G	T	4001238	26.853111615016378
799	10451455	4275641	4	15926928	T	T	10451455	39.47553816046967	2	13021007	A	G	4275641	24.350414078674945
800	10451455	4795404	4	15926928	T	T	10451455	39.47553816046967	2	18772184	C	G	4795404	23.467264683651237
801	10451455	4480228	4	15926928	T	T	10451455	39.47553816046967	2	14963940	C	G	4480228	22.248677248677247
802	10451455	4684972	4	15926928	T	T	10451455	39.47553816046967	2	17518981	C	T	4684972	19.060848857289827
803	10451455	4672942	4	15926928	T	T	10451455	39.47553816046967	2	17335711	A	C	4672942	17.699617346938776
804	10451455	4847130	4	15926928	T	T	10451455	39.47553816046967	2	19449356	G	T	4847130	11.76472982355335
805	10451455	4840162	4	15926928	T	T	10451455	39.47553816046967	2	19380805	C	T	4840162	11.703383442966777
806	10451455	4840151	4	15926928	T	T	10451455	39.47553816046967	2	19380745	C	T	4840151	11.64259021994448
807	10451455	4838535	4	15926928	T	T	10451455	39.47553816046967	2	19353065	A	G	4838535	11.17529604434366
808	17149169	4604168	7	2186597	T	T	17149169	39.47553816046967	2	16559266	G	T	4604168	37.84026472431077
809	17149169	4672942	7	2186597	T	T	17149169	39.47553816046967	2	17335711	A	C	4672942	17.699617346938776
810	19708452	11372775	8	2259562	C	T	19708452	39.47553816046967	4	27871179	C	G	11372775	30.921069847020927
811	4271416	17422654	2	12967572	C	G	4271416	39.47553816046967	7	6232067	C	T	17422654	22.64164193229233
812	4271416	18234168	2	12967572	C	G	4271416	39.47553816046967	7	13441138	C	T	18234168	15.447684805084227
813	4271416	2293867	2	12967572	C	G	4271416	39.47553816046967	1	27656026	A	T	2293867	11.952164033299354
814	5305356	19207333	2	24712105	A	T	5305356	39.47553816046967	7	24844541	C	T	19207333	35.38415311254817
815	5305356	24080518	2	24712105	A	T	5305356	39.47553816046967	9	20181232	C	T	24080518	32.41480654761905
816	5305356	14280168	2	24712105	A	T	5305356	39.47553816046967	5	29665469	C	T	14280168	25.05423575680272
817	5305356	18234168	2	24712105	A	T	5305356	39.47553816046967	7	13441138	C	T	18234168	15.447684805084227
818	18990316	11409404	7	21676599	G	G	18990316	38.37081128747795	4	28429455	C	T	11409404	29.227295041728038
819	8241135	23786808	3	29441592	A	G	8241135	38.37081128747795	9	15713377	G	T	23786808	27.699738691773
820	8241135	17422654	3	29441592	A	G	8241135	38.37081128747795	7	6232067	C	T	17422654	22.64164193229233
821	17295064	16874050	7	4514862	C	T	17295064	37.84026472431077	6	29221663	A	G	16874050	28.597736625514404
822	17295064	5286022	7	4514862	C	T	17295064	37.84026472431077	2	24580435	C	T	5286022	16.066800910178884
823	4604168	19207333	2	16559266	G	T	4604168	37.84026472431077	7	24844541	C	T	19207333	35.38415311254817
824	4604168	9650305	2	16559266	G	T	4604168	37.84026472431077	4	7501178	C	T	9650305	33.21382813461301
825	4604168	26440543	2	16559266	G	T	4604168	37.84026472431077	11	130453	C	T	26440543	32.41480654761905
826	4604168	17074356	2	16559266	G	T	4604168	37.84026472431077	7	1161830	C	T	17074356	32.02877355686344
827	4604168	17074306	2	16559266	G	T	4604168	37.84026472431077	7	1160909	G	T	17074306	30.567730556977867
828	4604168	14598243	2	16559266	G	T	4604168	37.84026472431077	6	3771239	T	T	14598243	29.227295041728038
829	4604168	24463821	2	16559266	G	T	4604168	37.84026472431077	10	1846461	C	T	24463821	27.699738691773
830	4604168	6054864	2	16559266	G	T	4604168	37.84026472431077	3	213474	C	T	6054864	23.047619047619047
831	4604168	17422654	2	16559266	G	T	4604168	37.84026472431077	7	6232067	C	T	17422654	22.64164193229233
832	4604168	17081492	2	16559266	G	T	4604168	37.84026472431077	7	1250220	A	G	17081492	19.060848857289827
833	4604168	31937135	2	16559266	G	T	4604168	37.84026472431077	12	25749767	C	T	31937135	15.85555750077809
834	4604168	19238474	2	16559266	G	T	4604168	37.84026472431077	7	25325428	T	T	19238474	12.546922862712336
835	4604168	19205475	2	16559266	G	T	4604168	37.84026472431077	7	24823769	C	T	19205475	11.64259021994448
836	19207333	28279637	7	24844541	C	T	19207333	35.38415311254817	11	19196994	C	T	28279637	34.928898083623686
837	19207333	3534230	7	24844541	C	T	19207333	35.38415311254817	2	3667550	T	T	3534230	26.853111615016378
838	28279637	10309938	11	19196994	C	T	28279637	34.928898083623686	4	14095352	C	G	10309938	34.48462102377765
839	28279637	24463821	11	19196994	C	T	28279637	34.928898083623686	10	1846461	C	T	24463821	27.699738691773
840	28279637	446106	11	19196994	C	T	28279637	34.928898083623686	1	6333959	G	T	446106	25.05423575680272
841	28279637	6954279	11	19196994	C	T	28279637	34.928898083623686	3	14519831	T	T	6954279	25.05423575680272
842	28279637	31793404	11	19196994	C	T	28279637	34.928898083623686	12	23631946	C	T	31793404	19.20746845746845
843	28279637	18234168	11	19196994	C	T	28279637	34.928898083623686	7	13441138	C	T	18234168	15.447684805084227
844	28279637	10301965	11	19196994	C	T	28279637	34.928898083623686	4	13996664	C	T	10301965	15.34863945578231
845	28279637	18385919	11	19196994	C	T	28279637	34.928898083623686	7	14945653	C	T	18385919	15.05820291599786
846	28279637	19494027	11	19196994	C	T	28279637	34.928898083623686	7	29001247	C	T	19494027	14.505839156314698
847	28279637	19205475	11	19196994	C	T	28279637	34.928898083623686	7	24823769	C	T	19205475	11.64259021994448
848	5047148	13597240	2	22064858	C	T	5047148	33.627450980392155	5	19026674	A	G	13597240	26.853111615016378
849	26440543	11409404	11	130453	C	T	26440543	32.41480654761905	4	28429455	C	T	11409404	29.227295041728038
850	26440543	13597240	11	130453	C	T	26440543	32.41480654761905	5	19026674	A	G	13597240	26.853111615016378
851	26440543	4684972	11	130453	C	T	26440543	32.41480654761905	2	17518981	C	T	4684972	19.060848857289827
852	26440543	4672942	11	130453	C	T	26440543	32.41480654761905	2	17335711	A	C	4672942	17.699617346938776
853	5037401	13597240	2	21943776	C	T	5037401	31.65132642563197	5	19026674	A	G	13597240	26.853111615016378
854	11372775	2973974	4	27871179	C	G	11372775	30.921069847020927	1	38103723	C	T	2973974	27.129887184574685
855	11372775	2980017	4	27871179	C	G	11372775	30.921069847020927	1	38198662	C	T	2980017	20.29431460084033
856	11372775	31793404	4	27871179	C	G	11372775	30.921069847020927	12	23631946	C	T	31793404	19.20746845746845
857	11409404	2973974	4	28429455	C	T	11409404	29.227295041728038	1	38103723	C	T	2973974	27.129887184574685
858	11409404	446106	4	28429455	C	T	11409404	29.227295041728038	1	6333959	G	T	446106	25.05423575680272
859	11409404	3013883	4	28429455	C	T	11409404	29.227295041728038	1	38761298	G	T	3013883	24.815470337594228
860	11409404	2980017	4	28429455	C	T	11409404	29.227295041728038	1	38198662	C	T	2980017	20.29431460084033
861	14598243	4315859	6	3771239	T	T	14598243	29.227295041728038	2	13489494	C	T	4315859	27.41204345815996
862	14598243	4795404	6	3771239	T	T	14598243	29.227295041728038	2	18772184	C	G	4795404	23.467264683651237
863	14598243	4840162	6	3771239	T	T	14598243	29.227295041728038	2	19380805	C	T	4840162	11.703383442966777
864	14598243	4840151	6	3771239	T	T	14598243	29.227295041728038	2	19380745	C	T	4840151	11.64259021994448
865	14598243	4840308	6	3771239	T	T	14598243	29.227295041728038	2	19382030	G	T	4840308	11.64259021994448
866	14598243	4838535	6	3771239	T	T	14598243	29.227295041728038	2	19353065	A	G	4838535	11.17529604434366
867	16874050	24463821	6	29221663	A	G	16874050	28.597736625514404	10	1846461	C	T	24463821	27.699738691773
868	16874050	13597240	6	29221663	A	G	16874050	28.597736625514404	5	19026674	A	G	13597240	26.853111615016378
869	16874050	18234168	6	29221663	A	G	16874050	28.597736625514404	7	13441138	C	T	18234168	15.447684805084227
870	4315859	29046601	2	13489494	C	T	4315859	27.41204345815996	11	26323476	A	T	29046601	13.823249076829804
871	4279014	29046601	2	13060534	C	T	4279014	27.129887184574685	11	26323476	A	T	29046601	13.823249076829804
872	13597240	25546466	5	19026674	A	G	13597240	26.853111615016378	10	11211774	A	G	25546466	25.5448082010582
873	13597240	25586711	5	19026674	A	G	13597240	26.853111615016378	10	11642706	A	G	25586711	24.1239081600073
874	13597240	1396865	5	19026674	A	G	13597240	26.853111615016378	1	17113248	G	T	1396865	21.68229425016534
875	13597240	3818673	5	19026674	A	G	13597240	26.853111615016378	2	7675861	T	T	3818673	19.81509078451524
876	13597240	3637190	5	19026674	A	G	13597240	26.853111615016378	2	5317234	C	T	3637190	18.089009776095867
877	13597240	3812188	5	19026674	A	G	13597240	26.853111615016378	2	7576914	T	T	3812188	17.083366610096164
878	13597240	18385919	5	19026674	A	G	13597240	26.853111615016378	7	14945653	C	T	18385919	15.05820291599786
879	13597240	3087347	5	19026674	A	G	13597240	26.853111615016378	1	39908030	A	G	3087347	11.826636904761903
880	13597240	11730214	5	19026674	A	G	13597240	26.853111615016378	4	32931886	G	G	11730214	11.64259021994448
881	3534230	19205475	2	3667550	T	T	3534230	26.853111615016378	7	24823769	C	T	19205475	11.64259021994448
882	446106	3962591	1	6333959	G	T	446106	25.05423575680272	2	9456179	C	T	3962591	23.467264683651237
883	3013883	4833319	1	38761298	G	T	3013883	24.815470337594228	2	19275740	C	T	4833319	12.41034755134281
884	3013883	4846256	1	38761298	G	T	3013883	24.815470337594228	2	19436528	C	T	4846256	12.144856650670606
885	3013883	4840162	1	38761298	G	T	3013883	24.815470337594228	2	19380805	C	T	4840162	11.703383442966777
886	3013883	4840151	1	38761298	G	T	3013883	24.815470337594228	2	19380745	C	T	4840151	11.64259021994448
887	3013883	4840308	1	38761298	G	T	3013883	24.815470337594228	2	19382030	G	T	4840308	11.64259021994448
888	3013883	4838535	1	38761298	G	T	3013883	24.815470337594228	2	19353065	A	G	4838535	11.17529604434366
889	9388322	18234168	4	5154855	C	T	9388322	23.90127979016868	7	13441138	C	T	18234168	15.447684805084227
890	3962591	29046601	2	9456179	C	T	3962591	23.467264683651237	11	26323476	A	T	29046601	13.823249076829804
891	17422654	5286022	7	6232067	C	T	17422654	22.64164193229233	2	24580435	C	T	5286022	16.066800910178884
892	10723139	18234168	4	18416753	C	G	10723139	20.458798745835782	7	13441138	C	T	18234168	15.447684805084227
893	4684972	31937135	2	17518981	C	T	4684972	19.060848857289827	12	25749767	C	T	31937135	15.85555750077809
894	4684972	29046601	2	17518981	C	T	4684972	19.060848857289827	11	26323476	A	T	29046601	13.823249076829804
895	29046601	4846256	11	26323476	A	T	29046601	13.823249076829804	2	19436528	C	T	4846256	12.144856650670606
896	29046601	4847130	11	26323476	A	T	29046601	13.823249076829804	2	19449356	G	T	4847130	11.76472982355335
897	29046601	4840162	11	26323476	A	T	29046601	13.823249076829804	2	19380805	C	T	4840162	11.703383442966777
898	29046601	4840151	11	26323476	A	T	29046601	13.823249076829804	2	19380745	C	T	4840151	11.64259021994448
899	29046601	4840308	11	26323476	A	T	29046601	13.823249076829804	2	19382030	G	T	4840308	11.64259021994448
900	29046601	4839992	11	26323476	A	T	29046601	13.823249076829804	2	19378926	C	T	4839992	11.289041380744436
901	29046601	4838535	11	26323476	A	T	29046601	13.823249076829804	2	19353065	A	G	4838535	11.17529604434366
