Unnamed: 0	index1	index2	CHROMOSOME_x	POSITION_x	REFCALL_x	GENOTYPE_x	Feat_names_x	Scores_x	Rank_x	CHROMOSOME_y	POSITION_y	REFCALL_y	GENOTYPE_y	Feat_names_y	Scores_y	Rank_y
0	24143516	3509573	9	21176062	T	T	24143516	199.6709891	1	2	3247472	G	G	3509573	157.2161673	2
1	24143516	2956186	9	21176062	T	T	24143516	199.6709891	1	1	37778084	T	T	2956186	119.0076216	4
2	24143516	14815984	9	21176062	T	T	24143516	199.6709891	1	6	6840415	G	G	14815984	86.98118348	7
3	24143516	24055120	9	21176062	T	T	24143516	199.6709891	1	9	19754991	C	C	24055120	79.7683436	8
4	24143516	1838585	9	21176062	T	T	24143516	199.6709891	1	1	21935687	T	T	1838585	57.32994104	30
5	24143516	10866154	9	21176062	T	T	24143516	199.6709891	1	4	20334835	T	T	10866154	56.18962315	31
6	24143516	18637649	9	21176062	T	T	24143516	199.6709891	1	7	17419300	G	G	18637649	56.18962315	34
7	24143516	10447188	9	21176062	T	T	24143516	199.6709891	1	4	15893462	T	T	10447188	45.2861396	66
8	24143516	10451455	9	21176062	T	T	24143516	199.6709891	1	4	15926928	T	T	10451455	40.03704929	86
9	24143516	17149169	9	21176062	T	T	24143516	199.6709891	1	7	2186597	T	T	17149169	40.03704929	88
10	24143516	3523157	9	21176062	T	T	24143516	199.6709891	1	2	3470514	T	T	3523157	35.37181608	111
11	24143516	6996898	9	21176062	T	T	24143516	199.6709891	1	3	15072094	T	T	6996898	33.61569536	119
12	24143516	23561063	9	21176062	T	T	24143516	199.6709891	1	9	12969775	T	T	23561063	33.20220942	120
13	24143516	30233699	9	21176062	T	T	24143516	199.6709891	1	12	9375830	T	T	30233699	28.28242144	157
14	24143516	30209909	9	21176062	T	T	24143516	199.6709891	1	12	9171866	T	T	30209909	27.40234577	171
15	24143516	30285583	9	21176062	T	T	24143516	199.6709891	1	12	9772678	G	G	30285583	26.57214188	178
16	24143516	26326097	9	21176062	T	T	24143516	199.6709891	1	10	21269367	G	G	26326097	26.04432683	180
17	24143516	30028004	9	21176062	T	T	24143516	199.6709891	1	12	7693571	T	T	30028004	25.53572911	190
18	24143516	30211526	9	21176062	T	T	24143516	199.6709891	1	12	9185666	G	G	30211526	25.53572911	191
19	24143516	14817977	9	21176062	T	T	24143516	199.6709891	1	6	6867306	T	T	14817977	25.28831213	193
20	24143516	22327694	9	21176062	T	T	24143516	199.6709891	1	9	1185453	G	G	22327694	23.89274536	211
21	24143516	26188794	9	21176062	T	T	24143516	199.6709891	1	10	19277018	T	T	26188794	21.31157536	243
22	24143516	30014092	9	21176062	T	T	24143516	199.6709891	1	12	7560575	T	T	30014092	17.82119437	311
23	3509573	10729433	2	3247472	G	G	3509573	157.2161673	2	4	18498076	T	T	10729433	52.0357261	47
24	3509573	10447188	2	3247472	G	G	3509573	157.2161673	2	4	15893462	T	T	10447188	45.2861396	66
25	2763627	14796328	1	34505164	G	G	2763627	124.048958	3	6	6560336	T	T	14796328	71.79339696	12
26	2763627	31936668	1	34505164	G	G	2763627	124.048958	3	12	25744441	T	T	31936668	71.79339696	14
27	2763627	9983055	1	34505164	G	G	2763627	124.048958	3	4	10874379	G	G	9983055	63.77543183	20
28	2763627	9997739	1	34505164	G	G	2763627	124.048958	3	4	11033772	T	T	9997739	62.37659504	23
29	2763627	9968898	1	34505164	G	G	2763627	124.048958	3	4	10768945	T	T	9968898	61.0360569	25
30	2763627	8360220	1	34505164	G	G	2763627	124.048958	3	3	31429682	T	T	8360220	55.0923486	40
31	2763627	9655808	1	34505164	G	G	2763627	124.048958	3	4	7549934	T	T	9655808	55.0923486	41
32	2763627	10793958	1	34505164	G	G	2763627	124.048958	3	4	19381497	T	T	10793958	54.0357261	42
33	2763627	19234932	1	34505164	G	G	2763627	124.048958	3	7	25260121	T	T	19234932	51.08837509	50
34	2763627	6078019	1	34505164	G	G	2763627	124.048958	3	3	644143	T	T	6078019	51.08837509	51
35	2763627	10591329	1	34505164	G	G	2763627	124.048958	3	4	17229838	G	G	10591329	49.29004749	58
36	2763627	9647186	1	34505164	G	G	2763627	124.048958	3	4	7473654	T	T	9647186	47.60968639	62
37	2763627	18790258	1	34505164	G	G	2763627	124.048958	3	7	19370142	T	T	18790258	45.2861396	70
38	2763627	15135559	1	34505164	G	G	2763627	124.048958	3	6	10566526	T	T	15135559	43.85450937	74
39	2763627	15409353	1	34505164	G	G	2763627	124.048958	3	6	13249708	T	T	15409353	42.5071316	77
40	2763627	24134871	1	34505164	G	G	2763627	124.048958	3	9	21047200	T	T	24134871	40.62846347	83
41	2763627	10815470	1	34505164	G	G	2763627	124.048958	3	4	19673085	T	T	10815470	39.4618473	90
42	2763627	8241929	1	34505164	G	G	2763627	124.048958	3	3	29457760	C	C	8241929	37.31052837	104
43	2763627	32031138	1	34505164	G	G	2763627	124.048958	3	12	27015328	C	C	32031138	34.91671171	115
44	2763627	6987888	1	34505164	G	G	2763627	124.048958	3	3	14961193	T	T	6987888	33.20220942	123
45	2763627	21572362	1	34505164	G	G	2763627	124.048958	3	8	19799253	T	T	21572362	32.79823651	125
46	2763627	26662523	1	34505164	G	G	2763627	124.048958	3	11	3476657	G	G	26662523	31.27120283	133
47	2763627	30233699	1	34505164	G	G	2763627	124.048958	3	12	9375830	T	T	30233699	28.28242144	157
48	2763627	10300120	1	34505164	G	G	2763627	124.048958	3	4	13970219	T	T	10300120	27.68994571	164
49	2763627	30209909	1	34505164	G	G	2763627	124.048958	3	12	9171866	T	T	30209909	27.40234577	171
50	2763627	30285583	1	34505164	G	G	2763627	124.048958	3	12	9772678	G	G	30285583	26.57214188	178
51	2763627	30211526	1	34505164	G	G	2763627	124.048958	3	12	9185666	G	G	30211526	25.53572911	191
52	2763627	14817977	1	34505164	G	G	2763627	124.048958	3	6	6867306	T	T	14817977	25.28831213	193
53	2763627	20363374	1	34505164	G	G	2763627	124.048958	3	8	8811944	T	T	20363374	22.04895799	234
54	2763627	29641689	1	34505164	G	G	2763627	124.048958	3	12	3957727	G	G	29641689	21.67449553	238
55	2763627	29343680	1	34505164	G	G	2763627	124.048958	3	11	28833644	G	G	29343680	20.12495201	266
56	2763627	30938744	1	34505164	G	G	2763627	124.048958	3	12	15120304	T	T	30938744	18.76681515	291
57	2763627	24523084	1	34505164	G	G	2763627	124.048958	3	10	2339037	T	T	24523084	16.38725529	353
58	2763627	12134682	1	34505164	G	G	2763627	124.048958	3	5	3753507	T	T	12134682	15.95465338	364
59	2763627	24522728	1	34505164	G	G	2763627	124.048958	3	10	2335035	T	T	24522728	15.3429441	384
60	2763627	29635852	1	34505164	G	G	2763627	124.048958	3	12	3877507	G	G	29635852	13.11558154	488
61	2763627	24543790	1	34505164	G	G	2763627	124.048958	3	10	2544487	T	T	24543790	12.9679697	499
62	2956186	3209515	1	37778084	T	T	2956186	119.0076216	4	1	41879706	G	G	3209515	106.0443268	5
63	2956186	14815984	1	37778084	T	T	2956186	119.0076216	4	6	6840415	G	G	14815984	86.98118348	7
64	2956186	31936668	1	37778084	T	T	2956186	119.0076216	4	12	25744441	T	T	31936668	71.79339696	14
65	2956186	32000283	1	37778084	T	T	2956186	119.0076216	4	12	26692896	T	T	32000283	66.763901	19
66	2956186	9983055	1	37778084	T	T	2956186	119.0076216	4	4	10874379	G	G	9983055	63.77543183	20
67	2956186	9997739	1	37778084	T	T	2956186	119.0076216	4	4	11033772	T	T	9997739	62.37659504	23
68	2956186	31922951	1	37778084	T	T	2956186	119.0076216	4	12	25554327	C	C	31922951	61.0360569	24
69	2956186	9968898	1	37778084	T	T	2956186	119.0076216	4	4	10768945	T	T	9968898	61.0360569	25
70	2956186	10866154	1	37778084	T	T	2956186	119.0076216	4	4	20334835	T	T	10866154	56.18962315	31
71	2956186	9655808	1	37778084	T	T	2956186	119.0076216	4	4	7549934	T	T	9655808	55.0923486	41
72	2956186	10793958	1	37778084	T	T	2956186	119.0076216	4	4	19381497	T	T	10793958	54.0357261	42
73	2956186	9647186	1	37778084	T	T	2956186	119.0076216	4	4	7473654	T	T	9647186	47.60968639	62
74	2956186	14821253	1	37778084	T	T	2956186	119.0076216	4	6	6915182	T	T	14821253	44.55930685	71
75	2956186	32030074	1	37778084	T	T	2956186	119.0076216	4	12	26998887	T	T	32030074	40.62846347	84
76	2956186	10815470	1	37778084	T	T	2956186	119.0076216	4	4	19673085	T	T	10815470	39.4618473	90
77	2956186	32030077	1	37778084	T	T	2956186	119.0076216	4	12	26999015	G	G	32030077	36.80719611	106
78	2956186	32031138	1	37778084	T	T	2956186	119.0076216	4	12	27015328	C	C	32031138	34.91671171	115
79	2956186	9761028	1	37778084	T	T	2956186	119.0076216	4	4	8597671	G	G	9761028	34.91671171	117
80	2956186	26662523	1	37778084	T	T	2956186	119.0076216	4	11	3476657	G	G	26662523	31.27120283	133
81	2956186	9634808	1	37778084	T	T	2956186	119.0076216	4	4	7338866	T	T	9634808	30.21128793	141
82	2956186	10300120	1	37778084	T	T	2956186	119.0076216	4	4	13970219	T	T	10300120	27.68994571	164
83	2956186	32030468	1	37778084	T	T	2956186	119.0076216	4	12	27005648	G	G	32030468	21.31157536	244
84	2956186	32035587	1	37778084	T	T	2956186	119.0076216	4	12	27081572	T	T	32035587	16.7257691	345
85	2956186	9922394	1	37778084	T	T	2956186	119.0076216	4	4	10345793	T	T	9922394	14.68042444	418
86	3209515	7232467	1	41879706	G	G	3209515	106.0443268	5	3	17737497	G	G	7232467	59.7502481	29
87	3209515	1838585	1	41879706	G	G	3209515	106.0443268	5	1	21935687	T	T	1838585	57.32994104	30
88	3209515	3634042	1	41879706	G	G	3209515	106.0443268	5	2	5259033	T	T	3634042	54.0357261	46
89	3209515	6996898	1	41879706	G	G	3209515	106.0443268	5	3	15072094	T	T	6996898	33.61569536	119
90	3209515	6987888	1	41879706	G	G	3209515	106.0443268	5	3	14961193	T	T	6987888	33.20220942	123
91	28217371	14815984	11	18566465	G	G	28217371	98.84260668	6	6	6840415	G	G	14815984	86.98118348	7
92	28217371	31936668	11	18566465	G	G	28217371	98.84260668	6	12	25744441	T	T	31936668	71.79339696	14
93	28217371	32000283	11	18566465	G	G	28217371	98.84260668	6	12	26692896	T	T	32000283	66.763901	19
94	28217371	31922951	11	18566465	G	G	28217371	98.84260668	6	12	25554327	C	C	31922951	61.0360569	24
95	28217371	3259151	11	18566465	G	G	28217371	98.84260668	6	1	42594715	T	T	3259151	59.7502481	28
96	28217371	3110779	11	18566465	G	G	28217371	98.84260668	6	1	40338576	G	G	3110779	55.0923486	38
97	28217371	3634042	11	18566465	G	G	28217371	98.84260668	6	2	5259033	T	T	3634042	54.0357261	46
98	28217371	10447188	11	18566465	G	G	28217371	98.84260668	6	4	15893462	T	T	10447188	45.2861396	66
99	28217371	4880161	11	18566465	G	G	28217371	98.84260668	6	2	19846349	T	T	4880161	35.37181608	112
100	28217371	23561063	11	18566465	G	G	28217371	98.84260668	6	9	12969775	T	T	23561063	33.20220942	120
101	28217371	24240287	11	18566465	G	G	28217371	98.84260668	6	9	22556947	T	T	24240287	28.28242144	155
102	28217371	2768630	11	18566465	G	G	28217371	98.84260668	6	1	34577796	T	T	2768630	25.78769192	187
103	28217371	3253564	11	18566465	G	G	28217371	98.84260668	6	1	42527091	T	T	3253564	20.61829457	254
104	28217371	23543012	11	18566465	G	G	28217371	98.84260668	6	9	12765594	T	T	23543012	17.82119437	309
105	14815984	9997739	6	6840415	G	G	14815984	86.98118348	7	4	11033772	T	T	9997739	62.37659504	23
106	14815984	9968898	6	6840415	G	G	14815984	86.98118348	7	4	10768945	T	T	9968898	61.0360569	25
107	14815984	19234932	6	6840415	G	G	14815984	86.98118348	7	7	25260121	T	T	19234932	51.08837509	50
108	14815984	9647186	6	6840415	G	G	14815984	86.98118348	7	4	7473654	T	T	9647186	47.60968639	62
109	14815984	22075969	6	6840415	G	G	14815984	86.98118348	7	8	26827501	G	G	22075969	23.6739685	213
110	12622901	3634042	5	8950283	G	G	12622901	73.63757856	9	2	5259033	T	T	3634042	54.0357261	46
111	21086060	23561063	8	15629785	G	G	21086060	73.63757856	10	9	12969775	T	T	23561063	33.20220942	120
112	14796328	9983055	6	6560336	T	T	14796328	71.79339696	12	4	10874379	G	G	9983055	63.77543183	20
113	14796328	9997739	6	6560336	T	T	14796328	71.79339696	12	4	11033772	T	T	9997739	62.37659504	23
114	14796328	9968898	6	6560336	T	T	14796328	71.79339696	12	4	10768945	T	T	9968898	61.0360569	25
115	14796328	9655808	6	6560336	T	T	14796328	71.79339696	12	4	7549934	T	T	9655808	55.0923486	41
116	14796328	9647186	6	6560336	T	T	14796328	71.79339696	12	4	7473654	T	T	9647186	47.60968639	62
117	14796328	390897	6	6560336	T	T	14796328	71.79339696	12	1	5538962	T	T	390897	40.62846347	85
118	14796328	9761028	6	6560336	T	T	14796328	71.79339696	12	4	8597671	G	G	9761028	34.91671171	117
119	14796328	6996898	6	6560336	T	T	14796328	71.79339696	12	3	15072094	T	T	6996898	33.61569536	119
120	14796328	9922394	6	6560336	T	T	14796328	71.79339696	12	4	10345793	T	T	9922394	14.68042444	418
121	12678170	3634042	5	9519668	T	T	12678170	68.36240759	16	2	5259033	T	T	3634042	54.0357261	46
122	10866154	12492436	4	20334835	T	T	10866154	56.18962315	31	5	7756614	T	T	12492436	54.0357261	43
123	10866154	24240287	4	20334835	T	T	10866154	56.18962315	31	9	22556947	T	T	24240287	28.28242144	155
124	10866154	3239428	4	20334835	T	T	10866154	56.18962315	31	1	42329729	T	T	3239428	25.28831213	195
125	12622504	3634042	5	8945161	T	T	12622504	56.18962315	32	2	5259033	T	T	3634042	54.0357261	46
126	204336	16640858	1	2677506	C	C	204336	55.0923486	37	6	25907298	T	T	16640858	15.44195649	377
127	3110779	10729433	1	40338576	G	G	3110779	55.0923486	38	4	18498076	T	T	10729433	52.0357261	47
128	3110779	390897	1	40338576	G	G	3110779	55.0923486	38	1	5538962	T	T	390897	40.62846347	85
129	3110779	338665	1	40338576	G	G	3110779	55.0923486	38	1	4634947	T	T	338665	36.80719611	107
130	4832242	30014092	2	19258058	T	T	4832242	55.0923486	39	12	7560575	T	T	30014092	17.82119437	311
132	3634042	12864685	2	5259033	T	T	3634042	54.0357261	46	5	11050861	T	T	12864685	46.0360569	64
133	3634042	24677636	2	5259033	T	T	3634042	54.0357261	46	10	3603532	T	T	24677636	30.21128793	140
134	3634042	12778699	2	5259033	T	T	3634042	54.0357261	46	5	10308550	G	G	12778699	25.78769192	184
135	10729433	3357351	4	18498076	T	T	10729433	52.0357261	47	2	891366	T	T	3357351	50.17370276	55
136	10729433	14817977	4	18498076	T	T	10729433	52.0357261	47	6	6867306	T	T	14817977	25.28831213	193
137	10447188	6996898	4	15893462	T	T	10447188	45.2861396	66	3	15072094	T	T	6996898	33.61569536	119
138	10447188	6987888	4	15893462	T	T	10447188	45.2861396	66	3	14961193	T	T	6987888	33.20220942	123
139	10451455	6987888	4	15926928	T	T	10451455	40.03704929	86	3	14961193	T	T	6987888	33.20220942	123
140	10882459	6996898	4	20573029	G	G	10882459	33.61569536	118	3	15072094	T	T	6996898	33.61569536	119
141	10882459	6987888	4	20573029	G	G	10882459	33.61569536	118	3	14961193	T	T	6987888	33.20220942	123
142	6996898	3193050	3	15072094	T	T	6996898	33.61569536	119	1	41599614	T	T	3193050	24.57213991	201
143	6996898	22327694	3	15072094	T	T	6996898	33.61569536	119	9	1185453	G	G	22327694	23.89274536	211
144	6987888	31449636	3	14961193	T	T	6987888	33.20220942	123	12	19841322	C	C	31449636	17.56674314	318
